Model,Benchmark,Rank
GeForce RTX 4090,38904,1
GeForce RTX 4080,34781,2
Radeon PRO W7800,32145,3
GeForce RTX 4070 Ti,31629,4
Radeon RX 7900 XTX,31146,5
Radeon PRO W7900,30892,6
GeForce RTX 3090 Ti,29831,7
GeForce RTX 4090 Laptop GPU,29037,8
Radeon RX 7900 XT,28942,9
Radeon RX 6950 XT,28624,10
Radeon RX 7900 GRE,28085,11
GeForce RTX 3080 Ti,27338,12
Radeon RX 6900 XT,26952,13
GeForce RTX 3090,26909,14
GeForce RTX 4070,26840,15
GeForce RTX 3080 12GB,26750,16
GeForce RTX 4080 Laptop GPU,26430,17
GeForce RTX 3080,25365,18
RTX 6000 Ada Generation,25192,19
Radeon RX 6800 XT,25154,20
Radeon RX 7800 XT,24585,21
GeForce RTX 3070 Ti,23762,22
RTX 4000 Ada Generation Laptop GPU,23391,23
RTX A5000,23100,24
RTX A6000,22771,25
GeForce RTX 4060 Ti 16GB,22668,26
GeForce RTX 3070,22476,27
GeForce RTX 4060 Ti,22468,28
Radeon RX 6800,22364,29
NVIDIA A10,22064,30
Radeon RX 7700 XT,22052,31
GeForce RTX 2080 Ti,21855,32
RTX A4500,21785,33
RTX 5000 Ada Generation Laptop GPU,21645,34
RTX 4000 SFF Ada Generation,21300,35
Radeon RX 6750 XT,21055,36
RTX A5500,20797,37
Quadro GV100,20599,38
GeForce RTX 3060 Ti,20594,39
RTX 3500 Ada Generation Laptop GPU,20420,40
GeForce RTX 3080 Ti Laptop GPU,20339,41
TITAN RTX,19912,42
Radeon RX 6700 XT,19873,43
TITAN V,19851,44
Radeon PRO W6800,19754,45
GeForce RTX 2080 SUPER,19597,46
Radeon PRO W7600,19589,47
GeForce RTX 4070 Laptop GPU,19542,48
GeForce RTX 4060,19493,49
Quadro RTX 8000,19402,50
TITAN Xp COLLECTORS EDITION,19355,51
RTX A4000,19298,52
Quadro RTX 6000,19211,53
GeForce RTX 2080,18805,54
Radeon RX 6700,18760,55
NVIDIA TITAN Xp,18704,56
GeForce GTX 1080 Ti,18538,57
GeForce RTX 3070 Ti Laptop GPU,18343,58
NVIDIA A10G,18292,59
GeForce RTX 2070 SUPER,18263,60
Radeon RX 6850M XT,18235,61
GeForce RTX 4060 Laptop GPU,18179,62
RTX A5500 Laptop GPU,17857,63
RTX A4500 Laptop GPU,17671,64
Radeon RX 6650 XT,17507,65
GeForce RTX 3060,17121,66
TITAN V CEO Edition,16987,67
Radeon RX 5700 XT,16837,68
Radeon VII,16765,69
Radeon RX 5700 XT 50th Anniversary,16640,70
GeForce RTX 3080 Laptop GPU,16597,71
GeForce RTX 2060 SUPER,16587,72
Radeon RX 7600,16501,73
Radeon RX 6600 XT,16451,74
GeForce RTX 2070,16172,75
Radeon PRO W6600,16153,76
Quadro RTX 5000,16062,77
GeForce RTX 2060 12GB,15863,78
RTX A5000 Laptop GPU,15861,79
Radeon Pro Vega II,15667,80
Quadro GP100,15607,81
RTX A4000 Laptop GPU,15587,82
GeForce RTX 3070 Laptop GPU,15538,83
Radeon RX 6800S,15536,84
Quadro P6000,15515,85
GeForce GTX 1080,15483,86
Radeon Pro W5700,15471,87
Quadro RTX 4000,15444,88
Radeon Pro VII,15441,89
RTX 2000 Ada Generation Laptop GPU,15374,90
Radeon RX 6600,15152,91
GeForce RTX 2080 (Mobile),15107,92
Radeon RX 6600S,14896,93
GeForce RTX 4050 Laptop GPU,14867,94
Radeon RX 6700S,14857,95
Quadro RTX 5000 (Mobile),14832,96
GeForce GTX 1070 Ti,14719,97
RTX A3000 12GB Laptop GPU,14693,98
Radeon RX 5700,14638,99
Radeon RX Vega 64,14508,100
RadeonT RX 6850M XT,14432,101
GeForce RTX 2060,14114,102
Radeon Pro WX 8200,13925,103
GeForce RTX 2070 Super with Max-Q Design,13911,104
GeForce GTX 980 Ti,13837,105
GeForce RTX 2080 Super with Max-Q Design,13832,106
RTX A2000,13814,107
Radeon RX 5600 XT,13785,108
Radeon RX 7600M XT,13700,109
NVIDIA TITAN X,13659,110
Quadro RTX 5000 with Max-Q Design,13592,111
RTX A2000 12GB,13590,112
Radeon RX 6600M,13570,113
Radeon RX 6650M,13565,114
GeForce GTX 1070,13512,115
Radeon RX Vega 56,13457,116
GeForce RTX 3060 Laptop GPU,13400,117
Radeon Vega Frontier Edition,13381,118
Radeon RX 6700M,13282,119
Radeon RX 7600S,13264,120
Radeon Pro WX 9100,13192,121
GeForce RTX 2080 with Max-Q Design,13170,122
Radeon PRO W6600X,13113,123
Radeon RX 6800M,13084,124
GeForce GTX TITAN X,13055,125
Tesla V100-PCIE-16GB,12983,126
GeForce RTX 3050,12982,127
GeForce GTX 1660 Ti,12959,128
Radeon Pro Vega 64,12918,129
GeForce GTX 1660 SUPER,12786,130
Radeon Pro 5700 XT,12690,131
Tesla P40,12682,132
Tesla T10,12650,133
Quadro P5200,12631,134
Quadro P5200 with Max-Q Design,12608,135
Quadro RTX 4000 (Mobile),12554,136
Quadro RTX 4000 with Max-Q Design,12533,137
RTX A3000 Laptop GPU,12477,138
GeForce RTX 2070 (Mobile),12354,139
Radeon Pro Vega 56,12353,140
Radeon RX 6850M,12274,141
Radeon Pro V520 MxGPU,12257,142
Quadro P5000,12215,143
GeForce RTX 3050 OEM,12034,144
GeForce RTX 2070 with Max-Q Design,11885,145
Radeon Pro 5700,11844,146
Quadro M6000,11797,147
Quadro M6000 24GB,11785,148
GeForce GTX 1660,11726,149
Quadro P4000,11637,150
GeForce GTX 1080 with Max-Q Design,11570,151
Radeon RX 5600,11470,152
GeForce RTX 2060 (Mobile),11354,153
Radeon Pro Vega 48,11299,154
GeForce GTX 980,11133,155
Quadro RTX 3000,11085,156
Quadro P4200 with Max-Q Design,11019,157
RTX A2000 8GB Laptop GPU,10946,158
GeForce RTX 3050 6GB Laptop GPU,10762,159
Tesla T4,10725,160
Radeon Pro SSG,10497,161
Tesla M40 24GB,10474,162
GeForce GTX 1070 (Mobile),10465,163
Quadro P4200,10265,164
GeForce GTX 1660 Ti (Mobile),10212,165
Tesla M40,10182,166
GeForce RTX 3050 Ti Laptop GPU,10172,167
GeForce GTX 1650 SUPER,10114,168
GeForce GTX 1060,10071,169
Radeon R9 Fury X,10061,170
GeForce GTX 1070 with Max-Q Design,10051,171
RTX A2000 Laptop GPU,10019,172
NVIDIA A40,9982,173
GRID P40-2B,9842,174
RTX A1000 6GB Laptop GPU,9826,175
GeForce RTX 2060 with Max-Q Design,9792,176
GeForce GTX 1060 3GB,9751,177
Radeon R9 Fury + Fury X,9741,178
GeForce GTX 970,9641,179
Radeon R9 Fury,9618,180
RTX A1000 Laptop GPU,9510,181
Radeon RX 590,9509,182
Radeon RX 6500 XT,9492,183
GeForce GTX 780 Ti,9479,184
Radeon R9 390X,9446,185
Intel Arc Pro A60,9409,186
GeForce RTX 3050 Laptop GPU,9391,187
Quadro M5000,9383,188
Radeon Pro 5600M,9380,189
Quadro P2200,9373,190
Quadro P3200 with Max-Q Design,9246,191
Radeon RX 5500 XT,9183,192
Radeon Pro W5500,9131,193
Intel Arc A770,9118,194
Quadro P4000 with Max-Q Design,9082,195
Tesla P4,9067,196
GeForce GTX TITAN Black,9010,197
Quadro P3200,9008,198
Radeon R9 390,9000,199
GeForce GTX TITAN Z,8986,200
GeForce GTX 1060 5GB,8972,201
GRID P40-8Q,8967,202
Radeon RX 580,8909,203
Radeon RX 5500,8826,204
Radeon RX 480,8667,205
GeForce GTX 1660 Ti with Max-Q Design,8663,206
Radeon R9 290X,8662,207
Radeon R9 295X2,8637,208
Radeon RX590 GME,8604,209
Quadro RTX 3000 with Max-Q Design,8506,210
GRID RTX6000-1B,8473,211
Radeon R9 290X / 390X,8389,212
Ryzen 5 4600HS with Radeon Graphics,8370,213
Radeon R9 290,8365,214
Intel Arc A750,8333,215
Radeon Pro Duo,8296,216
Radeon Pro 5500 XT,8264,217
Radeon RX 5600M,8247,218
GeForce GTX Titan,8192,219
GeForce GTX 1060 (Mobile),8160,220
Radeon R9 290 / 390,8150,221
Quadro K6000,8052,222
Radeon RX 470/570,8047,223
GeForce GTX 780,8026,224
Ryzen 9 6900HS,8005,225
Radeon RX 6500M,7996,226
Radeon PRO W6400,7991,227
FirePro W9100,7927,228
Radeon Pro WX 7100,7925,229
Quadro M5500,7915,230
GeForce GTX 1060 with Max-Q Design,7900,231
GeForce GTX 1650,7859,232
Radeon RX 580X,7798,233
T1200 Laptop GPU,7781,234
Tesla M60,7770,235
Radeon Ryzen 9 6900HS,7763,236
Radeon Pro 580,7753,237
Radeon RX 580 2048SP,7739,238
T1000,7676,239
Radeon RX 5300,7651,240
T1000 8GB,7585,241
GeForce GTX 1650 Ti,7566,242
Radeon Pro 580X,7540,243
Tesla M6,7509,244
Radeon RX 6400,7441,245
Radeon RX 6500,7366,246
Intel Arc A770M,7359,247
GeForce GTX 980M,7353,248
FirePro W8100,7279,249
Radeon 780M,7258,250
Radeon Pro 5300,7229,251
Tesla P100-PCIE-16GB,7225,252
Radeon Ryzen 9 4900HS,7185,253
Quadro T2000,7140,254
T600 Laptop GPU,7063,255
Quadro M5000M,7052,256
A10-8Q,7041,257
RTX A500 Laptop GPU,7033,258
GeForce RTX 3050 4GB Laptop GPU,7032,259
RadeonT 780M,6995,260
GeForce GTX 1650 (Mobile),6968,261
Quadro T2000 with Max-Q Design,6930,262
GeForce RTX 2050,6924,263
Quadro P2000,6915,264
Ryzen 7 6800HS with Radeon Graphics,6867,265
Radeon Pro 5500M,6816,266
GeForce GTX 970XM FORCE,6706,267
Quadro T1000 with Max-Q Design,6676,268
Quadro M4000,6665,269
Radeon Ryzen 7 6800HS,6656,270
Quadro P3000,6609,271
Quadro T1000,6594,272
Radeon Pro WX 7130,6577,273
Radeon RX Vega M GH,6576,274
T600,6468,275
AMD Ryzen Z1 Extreme,6410,276
GeForce GTX 1650 Ti with Max-Q Design,6406,277
Radeon Pro 570,6336,278
Ryzen 9 6900HS with Radeon Graphics,6331,279
GeForce GTX 1050 Ti,6301,280
Intel Arc A730M,6283,281
Radeon R9 380X,6242,282
Radeon R9 280X,6239,283
Quadro M4000M,6226,284
Radeon R9 380,6223,285
Tesla K80,6210,286
P106-100,6207,287
Radeon 680M Ryzen 7 7735HS,6179,288
FirePro W9000,6138,289
GeForce GTX 1650 with Max-Q Design,6107,290
GeForce MX570 A,6069,291
GeForce GTX 960,6041,292
Quadro K5200,6026,293
GeForce MX570,6020,294
Radeon Pro 5300M,5986,295
Radeon Ryzen 9 7950X 16-Core,5972,296
GRID P100-16Q,5944,297
GeForce GTX 1050 Ti (Mobile),5918,298
GeForce GTX 770,5898,299
Ryzen 9 PRO 6950H,5758,300
Radeon Ryzen 7 PRO 6850H,5750,301
GeForce GTX 970M,5717,302
Radeon Ryzen 7 7736U,5688,303
Radeon PRO Ryzen 7 PRO 6850U,5671,304
Radeon Pro WX 5100,5644,305
Radeon Ryzen 7 7735H,5626,306
Ryzen 9 5900HS with Radeon Graphics,5611,307
Radeon R9 280,5589,308
Ryzen 7 PRO 6850U,5580,309
GeForce GTX 690,5579,310
Radeon HD 7990,5565,311
Radeon R9 285 / 380,5549,312
GeForce GTX 680,5537,313
GRID M60-8A,5523,314
Radeon Ryzen 7 6800H,5521,315
Quadro M3000M,5503,316
GeForce GTX 760 Ti OEM,5427,317
Ryzen 9 6900HX,5415,318
Radeon Ryzen 7 6800HS Creator Edition,5385,319
Radeon Ryzen 7 7735HS,5378,320
Radeon RX 5500M,5372,321
GeForce GTX 1050 Ti with Max-Q Design,5371,322
GRID P40-4Q,5364,323
GeForce GTX 950,5347,324
Ryzen 7 6800HS Creator Edition,5345,325
FirePro W7100,5321,326
GeForce GTX 670,5312,327
Ryzen 7 7735HS with Radeon Graphics,5306,328
Radeon Pro Vega 20,5299,329
Radeon Ryzen 9 6900HX,5280,330
Radeon HD 7970 / R9 280X,5247,331
Ryzen 7 6800H,5247,332
Ryzen 7 6800HS,5237,333
Intel Arc Pro A40/A50,5223,334
Radeon HD 8990,5214,335
GRID M60-2Q,5203,336
Radeon Ryzen 7 PRO 6850HS,5165,337
Q12U-1,5164,338
Radeon Ryzen 7 PRO 6850U,5152,339
Radeon R9 M295X,5150,340
GeForce GTX 760 Ti,5145,341
GeForce GTX 1050 3GB,5134,342
Quadro P2000 with Max-Q Design,5131,343
Radeon Ryzen 7 7735U,5097,344
Ryzen 7 PRO 6860Z,5076,345
Ryzen 9 PRO 6950HS with Radeon Graphics,5067,346
FirePro S9000,5059,347
EIZO Quadro MED-XN51LP,5048,348
GeForce GTX 1050,5045,349
Ryzen 7 PRO 6850U with Radeon Graphics,5042,350
Radeon R9 M395X,5037,351
Radeon R9 M395,5023,352
Ryzen 7 6800U,5006,353
GeForce GTX 1630,4992,354
Radeon Ryzen 7 4800HS,4983,355
Radeon Instinct MI25 MxGPU,4978,356
Barco MXRT 7600,4943,357
Ryzen 7 6800H with Radeon Graphics,4921,358
Radeon R9 270X,4909,359
FirePro S9050,4901,360
Ryzen 7 6800U with Radeon Graphics,4844,361
GRID P40-2Q,4843,362
T550 Laptop GPU,4799,363
Ryzen 7 PRO 6860Z with Radeon Graphics,4788,364
GeForce GTX 760,4778,365
GRID RTX6000P-6Q,4777,366
FirePro S10000,4768,367
Radeon HD 7950 / R9 280,4764,368
Radeon Sky 500,4763,369
GRID P40-24Q,4727,370
Radeon R9 370,4722,371
Radeon Pro Vega 16,4682,372
Ryzen 9 6900HX with Radeon Graphics,4679,373
Radeon Pro WX Vega M GL,4643,374
Radeon HD 7870,4638,375
Radeon Ryzen 7 PRO 6860Z,4636,376
Matrox LUMA A310F,4559,377
B8DKMDAP,4557,378
GeForce MX550,4546,379
Radeon Ryzen 7 6800U,4545,380
GeForce GTX 580,4538,381
Radeon Pro 465,4537,382
Radeon Ryzen 9 PRO 6950HS,4533,383
FirePro S7000,4523,384
GRID T4-8Q,4518,385
Radeon R7 370,4516,386
Tesla K40c,4494,387
Radeon HD 7870 XT,4469,388
GeForce GTX 1050 (Mobile),4461,389
GRID M60-1B,4456,390
Citrix Indirect Display Adapter,4446,391
GRID P6-4Q,4429,392
Quadro P1000,4417,393
GeForce GTX 660 Ti,4375,394
FirePro W7000 Adapter,4361,395
GRID GTX P40-6,4340,396
Tesla K20m,4330,397
Quadro K4200,4314,398
Radeon RX 5300M,4307,399
Radeon R9 270,4306,400
Quadro M2200,4297,401
Intel Arc A380,4262,402
FirePro W7000,4260,403
Radeon R9 270 / R7 370,4259,404
GRID M60-1Q,4250,405
NVIDIA A40-8Q,4220,406
Radeon Ryzen 5 7535HS,4179,407
GRID V100D-8Q,4155,408
Radeon Ryzen 5 6600H,4150,409
GeForce GTX 680MX,4142,410
Radeon RX 460,4113,411
FirePro W8000,4095,412
Radeon PRO Ryzen 5 PRO 6650U,4066,413
GeForce GTX 480,4040,414
Radeon HD 7800-serie,4029,415
GeForce GTX 660,3998,416
P104-100,3995,417
Radeon Ryzen 7 4800H,3992,418
Quadro K5000,3972,419
Quadro M2000,3960,420
GeForce GTX 1050 with Max-Q Design,3939,421
GRID P6-2Q,3925,422
GeForce GTX 570,3917,423
GeForce GTX 780M,3904,424
GeForce GTX 750 Ti,3901,425
GRID M60-8Q,3883,426
Radeon HD 8970M,3876,427
Radeon HD 7850,3854,428
Radeon Ryzen 5 6600HS Creator Edition,3851,429
Radeon Ryzen 5 7535U,3849,430
Radeon HD 7970M,3846,431
GRID P100-8Q,3841,432
GRID M60-4Q,3831,433
GeForce GTX 880M,3789,434
Radeon Pro WX 4100,3763,435
Barco MXRT 7500,3753,436
Ryzen 7 PRO 6850HS with Radeon Graphics,3736,437
GeForce MX450,3733,438
GeForce GTX 965M,3730,439
T400 4GB,3692,440
Matrox LUMA A310,3690,441
Ryzen 5 6600HS Creator Edition,3685,442
Radeon Pro 560X,3677,443
T500,3670,444
Radeon Ryzen 5 PRO 6650U,3663,445
Radeon R9 M485X,3660,446
Radeon RX 560,3643,447
Radeon RX Vega M GL,3631,448
Radeon Ryzen 9 7900 12-Core,3623,449
T400,3618,450
Quadro P620,3590,451
Radeon Ryzen 5 6600U,3589,452
Ryzen 5 PRO 6650U with Radeon Graphics,3575,453
GeForce GTX 680M KY_Bullet Edition,3568,454
GRID M6-8Q,3568,455
GeForce GTX 775M,3551,456
Quadro K2200,3546,457
Microsoft Basic Display Adapter Ryzen 5 3550H,3536,458
Ryzen 5 7535U with Radeon Graphics,3529,459
Ryzen 5 PRO 6650U,3519,460
GRID K520,3516,461
Quadro 7000,3505,462
Tesla M10,3490,463
Radeon Pro 560,3475,464
Quadro M2000M,3463,465
Radeon Pro 460,3452,466
GRID T4-2Q,3450,467
GeForce GTX 870M,3448,468
Quadro K2200M,3440,469
Tesla C2050 / C2070,3428,470
NVIDIA A10-4Q,3424,471
Radeon R9 M470X,3400,472
GeForce GTX 960M,3396,473
Radeon 740M,3376,474
Radeon HD8970M,3368,475
Radeon E8870PCIe,3368,476
GeForce GTX 750,3355,477
GeForce GTX 650 Ti BOOST,3351,478
GRID M10-1Q,3351,479
Radeon R9 M390X,3346,480
GeForce GTX 590,3341,481
Radeon Ryzen 9 7900X 12-Core,3326,482
Tesla C2050,3323,483
Tesla K40m,3281,484
Quadro M1200,3274,485
GRID T4-4Q,3260,486
Quadro P600,3256,487
GeForce 770M,3245,488
Radeon R9 M290X,3233,489
Ryzen 5 6600U with Radeon Graphics,3233,490
Ryzen 7 5800HS with Radeon Graphics,3213,491
GeForce GTX 680M,3205,492
Radeon RX 560X,3194,493
Radeon R9 260,3181,494
Radeon R7 260X,3166,495
FirePro V7000,3161,496
FirePro W7170M,3161,497
Radeon Pro 555,3140,498
Quadro K5100M,3120,499
Radeon Pro 455,3112,500
Intel G35 Express,3090,501
Radeon HD 7790,3090,502
GeForce GTX 470,3081,503
Radeon R7 360,3067,504
GeForce GTX 560 Ti,3034,505
GeForce GTX 860M,3033,506
Radeon R9 360,3031,507
Tesla C2075,3016,508
Radeon HD 6990,3013,509
GRID M10-4Q,2976,510
FirePro W5100,2970,511
FirePro W5000,2964,512
GRID K260Q,2949,513
Tesla K20Xm,2917,514
Ryzen 9 5900HX with Radeon Graphics,2914,515
Quadro M1000M,2898,516
Radeon R7 260,2891,517
Quadro K1200,2890,518
Eng Sample: 100-000000261-50_Y,2859,519
Radeon Pro V340 MxGPU,2853,520
Radeon Ryzen 7 5800HS,2841,521
Tesla C2070,2839,522
GRID K280Q,2839,523
Radeon HD 6970,2832,524
Quadro M620,2829,525
FirePro W4300,2821,526
GeForce MX350,2818,527
FirePro 3D V9800,2811,528
Ryzen 7 5700G with Radeon Graphics,2804,529
GeForce GTX 770M,2790,530
Radeon R9 M380,2770,531
Quadro K5000M,2763,532
Custom GPU 0405,2755,533
FirePro M6100 FireGL V,2749,534
Ryzen 7 5800H with Radeon Graphics,2747,535
GeForce GTX 675MX,2744,536
GRID K2,2736,537
FirePro S7150,2726,538
FirePro V9800,2726,539
Radeon Pro 450,2722,540
GeForce GTX 560,2717,541
Radeon Ryzen 7 5800H,2714,542
Radeon HD 8950,2705,543
Quadro K4000,2704,544
GRID T4-1Q,2702,545
Barco MXRT 5500,2701,546
Quadro 6000,2701,547
Radeon RX 550,2698,548
GRID M10-2Q,2691,549
Radeon Ryzen 7 4700GE,2686,550
Intel Iris Xe,2685,551
Intel Integrated Iris Xe,2685,551
GeForce GTX 465,2686,552
Ryzen 7 Pro 4750G with Radeon Graphics,2687,553
Radeon Eng Sample: 100-000000300-40_Y,2688,554
Ryzen 7 5700GE with Radeon Graphics,2689,555
Quadro K4100M,2690,556
FirePro R5000,2691,557
MONSTER GeForce GTX 675M,2692,558
Ryzen 7 PRO 7730U with Radeon Graphics,2693,559
Radeon HD 6950,2694,560
GRID M10-8Q,2695,561
Radeon Ryzen 7 PRO 4750G,2696,562
Ryzen 5 5600GE with Radeon Graphics,2697,563
GRID T4-2B,2698,564
Radeon Ryzen 7 4700G,2699,565
GeForce GTX 950M,2700,566
Radeon Ryzen 7 PRO 7730U,2701,567
Ryzen 5 5600G with Radeon Graphics,2702,568
Radeon Ryzen 9 4900H,2703,569
GeForce GTX 950A,2704,570
Ryzen 7 PRO 4750GE with Radeon Graphics,2705,571
Ryzen 7 PRO 5750GE with Radeon Graphics,2706,572
GRID K240Q,2707,573
Radeon HD 6850 X2,2708,574
GeForce GTX 650 Ti,2709,575
FireStream 9370,2710,576
GeForce GTX 850M,2711,577
N18E-Q1,2712,578
Ryzen 5 PRO 5650G with Radeon Graphics,2713,579
Ryzen 7 4700GE with Radeon Graphics,2714,580
Radeon Pro WX 3100,2715,581
Radeon Ryzen 5 5600GE,2716,582
GeForce GT 1030,2717,583
GeForce MX330,2718,584
Barco MXRT 5600,2719,585
Ryzen 5 PRO 5650GE with Radeon Graphics,2720,586
Radeon Ryzen 7 7730U,2721,587
GeForce MX250,2722,588
Radeon Pro WX 4150,2723,589
Radeon Ryzen 7 7700X 8-Core,2724,590
FirePro 3D V8800,2725,591
Radeon Ryzen 5 5600H,2726,592
Ryzen 5 Pro 4650G with Radeon Graphics,2727,593
Ryzen 7 PRO 5750G with Radeon Graphics,2728,594
Radeon Eng Sample: 100-000000262-30_Y,2729,595
GeForce GTX 960A,2730,596
Ryzen 5 5600H with Radeon Graphics,2731,597
Radeon Pro WX 3200,2732,598
Ryzen 5 4600G with Radeon Graphics,2733,599
Radeon RX Vega 11 PRD,2734,600
Ryzen 7 7730U with Radeon Graphics,2735,601
Radeon Ryzen 7 5800U,2736,602
Radeon Ryzen 7 5825U,2737,603
Ryzen 5 PRO 7530U with Radeon Graphics,2738,604
Radeon Eng Sample: 100-000000285-40_Y,2739,605
GeForce GTX 485M,2740,606
FirePro W6150M,2741,607
Ryzen 7 5800U with Radeon Graphics,2742,608
Ryzen 5 7530U with Radeon Graphics,2743,609
Ryzen 7 4800U with Radeon Graphics,2744,610
P106-090,2745,611
Ryzen 3 PRO 5350G with Radeon Graphics,2746,612
GRID M10-2B,2747,613
Radeon R9 M470,2748,614
Radeon Pro,2749,615
Ryzen 7 5825U with Radeon Graphics,2750,616
GRID M10-1B,2751,617
Radeon HD 5970,2752,618
Ryzen 5 PRO 4400G with Radeon Graphics,2753,619
FirePro V7900,2754,620
Radeon Ryzen 7 4800U,2755,621
FirePro V8800,2756,622
Ryzen 7 PRO 5850U with Radeon Graphics,2757,623
GeForce MX150,2758,624
Radeon Ryzen 7 5700U,2759,625
Radeon Ryzen 5 PRO 5650GE,2760,626
Radeon Ryzen 7 Microsoft Surface Edition,2761,627
Radeon HD 6970M,2762,628
Quadro K3100M,2763,629
Radeon R7 250X,2764,630
Intel HD 5600,2765,631
Ryzen 5 4600H with Radeon Graphics,2766,632
GeForce GTX 460,2767,633
Ryzen 3 4300GE with Radeon Graphics,2768,634
Ryzen 7 5700U with Radeon Graphics,2769,635
Intel UHD Graphics P630,2770,636
Radeon RX 550X,2771,637
Quadro K620,2772,638
Ryzen 3 PRO 5350GE with Radeon Graphics,2773,639
Radeon Ryzen 5 7530U,2774,640
Radeon Ryzen 7 PRO 4750GE,2775,641
Intel Iris Pro P580,2776,642
Ryzen 7 Extreme Edition,2777,643
GRID P100-1B,2778,644
Radeon HD 6870,2779,645
Radeon HD 5870,2780,646
Radeon Ryzen 5 PRO 4655GE,2781,647
FirePro M6100,2782,648
Ryzen 7 4700G with Radeon Graphics,2783,649
Ryzen 5 5600U with Radeon Graphics,2784,650
Radeon HD 7770,2785,651
Radeon RX Vega 11 Ryzen 5 3400G,2786,652
Ryzen 3 Pro 4350G with Radeon Graphics,2787,653
Radeon Ryzen 5 5625U,2788,654
GeForce GTX 745,2789,655
Radeon Ryzen 5 PRO 5650G,2790,656
Quadro M600M,2791,657
Radeon Ryzen 3 PRO 7330U,2792,658
Radeon RX Vega 11,2793,659
Radeon Ryzen 5 5500U,2794,660
Ryzen 5 5560U with Radeon Graphics,2795,661
Ryzen 7 4800H with Radeon Graphics,2796,662
Radeon TM R9 A360,2797,663
FirePro M5100,2798,664
Quadro P520,2799,665
Radeon Ryzen 5 Microsoft Surface Edition,2800,666
Ryzen 5 PRO 4650GE with Radeon Graphics,2801,667
Radeon Ryzen 5 5600U,2802,668
GeForce GTX 580M,2803,669
GRID M6-1Q,2804,670
Ryzen 7 PRO 5875U with Radeon Graphics,2805,671
GeForce 945M,2806,672
Quadro 5000M,2807,673
Radeon RX Vega 11 Ryzen 5 3400GE,2808,674
Radeon Ryzen 7 4700U,2809,675
Ryzen 5 PRO 5650U with Radeon Graphics,2810,676
Radeon Ryzen 5 7600 6-Core,2811,677
Radeon Ryzen 7 PRO 5875U,2812,678
Radeon Ryzen 7 PRO 4750U,2813,679
Ryzen 7 4700U with Radeon Graphics,2814,680
Ryzen 7 PRO 4750U with Radeon Graphics,2815,681
FirePro V7800,2816,682
Radeon R9 350,2817,683
GeForce GTX 460 SE,2818,684
Radeon Pro W5500M,2819,685
Ryzen 5 5500U with Radeon Graphics,2820,686
Ryzen 5 PRO 4500U with Radeon Graphics,2821,687
GeForce GT 645,2822,688
Ryzen 3 5300GE with Radeon Graphics,2823,689
Radeon R9 M385X,2824,690
Ryzen 5 5625U with Radeon Graphics,2825,691
Ryzen 3 PRO 7330U with Radeon Graphics,2826,692
Radeon Ryzen 5 5560U,2827,693
Radeon R7 + R7 350 Dual,2828,694
Intel Iris Pro 580,2829,695
Radeon Ryzen Embedded V2718,2830,696
GeForce GTX 765M,2831,697
Radeon HD 5850,2832,698
Intel Iris Xe MAX,2833,699
Radeon HD 6850,2834,700
Radeon Vega 11 Ryzen 5 PRO 3400G,2835,701
Radeon R7 + HD 7700 Dual,2836,702
Radeon HD 7660D + HD 7700 Dual,2837,703
GeForce GTX 470M,2838,704
Ryzen 3 5300G with Radeon Graphics,2839,705
Radeon R7 450,2840,706
Radeon Vega 8 Ryzen 3 3200G,2841,707
GeForce GTX 670MX,2842,708
Qualcomm Adreno 8cx Gen 3,2843,709
Radeon Pro WX 4130,2844,710
Intel Iris Xe MAX 100,2845,711
GeForce GTX 460 v2,2846,712
GeForce GTX 675M,2847,713
Quadro 5000,2848,714
Radeon RX 570X,2849,715
Radeon HD 7560D + 7700 Dual,2850,716
GeForce GTX 560 SE,2851,717
Matrox C680 PCIe x16,2852,718
Radeon HD 7700-serie,2853,719
Radeon RX 540,2854,720
Radeon HD 8670D + HD 7700 Dual,2855,721
Ryzen 3 4300G with Radeon Graphics,2856,722
Radeon RX 640,2857,723
Ryzen 5 4600U with Radeon Graphics,2858,724
Ryzen 3 PRO 4350GE with Radeon Graphics,2859,725
GeForce GTX 570M,2860,726
Quadro M520,2861,727
GeForce GTX 645,2862,728
Quadro K4000M,2863,729
FirePro 3D V7800,2864,730
Radeon Eng Sample: 100-000000287-40_Y,2865,731
GeForce MX130,2866,732
Radeon R9 M385,2867,733
GeForce 945A,2868,734
Radeon Ryzen Embedded V2748,2869,735
FirePro M5100 FireGL V,2870,736
GRID M60-0B,2871,737
Intel UHD Graphics 770,2872,738
Radeon HD 8570D + HD 7700 Dual,2873,739
GeForce MX230,2874,740
Radeon RX Vega 11 Processor,2875,741
MxGPU,2876,742
Radeon Vega 11,2877,743
Radeon RX Vega 10 Ryzen 7 3750H,2878,744
Radeon R9 M360,2879,745
Intel Iris Plus,2880,746
FirePro M6000,2881,747
Radeon Pro WX 2100,2882,748
Ryzen 5 4500U with Radeon Graphics,2883,749
Matrox C900 PCIe x16,2884,750
Radeon HD 8870M / R9 M270X / M370X,2885,751
Embedded Radeon E9173,2886,752
Radeon Ryzen 5 PRO 5675U,2887,753
Radeon Ryzen 5 4600GE with Radeon Graphics,2888,754
Radeon HD 8670D + 7700 Dual,2889,755
Radeon Ryzen 3 PRO 5450U,2890,756
Quadro 5010M,2891,757
Radeon R9 M375X,2892,758
PCI\VEN_1002&DEV_164E&SUBSYS_D0001458&REV_C7 Ryzen,2893,759
Ryzen 3 7330U with Radeon Graphics,2894,760
Radeon Ryzen 5 7600X 6-Core,2895,761
Radeon Vega 11 Ryzen 5 PRO 3400GE w/,2896,762
GeForce GTX 650,2897,763
FirePro M6000 Mobility Pro,2898,764
Ryzen 3 PRO 4200GE with Radeon Graphics,2899,765
Radeon Ryzen Embedded R2544,2900,766
Intel Iris Plus 655,2901,767
GeForce GTX 670M,2902,768
Intel UHD Graphics 750,2903,769
Firepro W5170M,2904,770
Ryzen 5 PRO 5675U with Radeon Graphics,2905,771
Radeon Ryzen 9 PRO 7945 12-Core,2906,772
Radeon HD 5830,2907,773
Intel Iris Plus 645,2908,774
Intel UHD Graphics P750,2909,775
Radeon Ryzen 3 7330U,2910,776
Radeon 550,2911,777
Ryzen 5 PRO 4650U with Radeon Graphics,2912,778
Radeon HD 6900M,2913,779
Radeon Vega 8 Ryzen 3 PRO 3200G,2914,780
GeForce GTX 760M,2915,781
Radeon HD 7750,2916,782
Radeon Ryzen 7 7700 8-Core,2917,783
Radeon E8860,2918,784
Radeon Vega 8 Ryzen 5 3550H,2919,785
Ryzen 3 5425U with Radeon Graphics,2920,786
Radeon Ryzen 7 7800X3D 8-Core,2921,787
Radeon R7 M380,2922,788
FirePro W600,2923,789
Radeon Ryzen 3 5425U,2924,790
GeForce GT 755M,2925,791
Radeon HD HD7850M,2926,792
Radeon RX Vega 10,2927,793
Quadro K3000M,2928,794
Radeon HD 8870M,2929,795
Intel UHD Graphics 730,2930,796
FirePro M4000 Mobility Pro,2931,797
Intel Iris Pro P6300,2932,798
Radeon R7 M465X,2933,799
Ryzen 3 5400U with Radeon Graphics,2934,800
Radeon Vega 8 Ryzen 3 PRO 3200GE w/,2935,801
Ryzen 7 2700U with Radeon Vega,2936,802
GeForce GTX 480M,2937,803
FirePro M4000,2938,804
Radeon RX Vega11,2939,805
Seria Radeon HD 7700,2940,806
Radeon HD 6790,2941,807
Ryzen 3 PRO 5450U with Radeon Graphics,2942,808
Quadro P400,2943,809
Radeon Vega 8,2944,810
Quadro K2000D,2945,811
Intel Iris Plus 650,2946,812
Radeon Vega 9,2947,813
Quadro P500,2948,814
Radeon R9 M275X / M375,2949,815
Radeon Athlon Gold PRO 4150GE,2950,816
Radeon RX Vega 11 Ryzen 5 3350G,2951,817
GeForce GTX 555,2952,818
Quadro K2000,2953,819
Radeon Vega 10,2954,820
Radeon Ryzen 3 5300U,2955,821
Radeon Vega 10 Ryzen 7 PRO 3700U w/,2956,822
Radeon HD 7560D + HD 6670 Dual,2957,823
FirePro W4100,2958,824
Radeon HD 8470D + HD 7500 Dual,2959,825
Ryzen 3 5300U with Radeon Graphics,2960,826
Ryzen 3 PRO 4300U with Radeon Graphics,2961,827
Ryzen 3 PRO 4450U with Radeon Graphics,2962,828
FirePro V8700,2963,829
Radeon R9 M275X,2964,830
GeForce GTX 550 Ti,2965,831
Radeon Vega 6 Ryzen 3 3350U,2966,832
GeForce GTX 285,2967,833
Radeon HD 4890,2968,834
Radeon R9 M370X,2969,835
GeForce 940MX,2970,836
Radeon R7 FX-9830P RADEON,2971,837
Radeon HD 7870M,2972,838
GeForce 845M,2973,839
Radeon RX Vega 10 Ryzen 7 3700U,2974,840
Ryzen 5 2500U with Radeon Vega,2975,841
Radeon Ryzen 9 7950X3D 16-Core,2976,842
Radeon HD 6670 + 7660D Dual,2977,843
GeForce GT 740,2978,844
Radeon RX Vega 8,2979,845
Radeon Ryzen 7 PRO 7745 8-Core,2980,846
Radeon HD 7660D + HD 6670 Dual,2981,847
Radeon 550X,2982,848
Quadro 4000,2983,849
Radeon R9 M365X,2984,850
Intel UHD Graphics,2985,851
Intel Integrated UHD,2986,851
Radeon Vega 10 Mobile,2987,852
Radeon R9 255,2988,853
GeForce MX110,2989,854
Intel Iris Pro Graphics 6200,2990,855
GeForce GTX 660M,2991,856
Ryzen 5 PRO 4400GE with Radeon Graphics,2992,857
Radeon Eng Sample: 100-000000085-40_35/24_Y,2993,858
Radeon Vega 6 Ryzen 3 PRO 3300U w/,2994,859
Radeon HD 8470D + HD 6670 Dual,2995,860
Radeon Vega 9 Ryzen 5 Microsoft Surface Edition,2996,861
Intel Iris 650,2997,862
Ryzen 3 PRO 5475U with Radeon Graphics,2998,863
Radeon 540X,2999,864
Radeon Ryzen 3 PRO 4355GE,3000,865
Radeon HD 7560D + 7670 Dual,3001,866
Radeon Vega 8 Mobile,3002,867
Radeon R7 M370,3003,868
GeForce GTX 275,3004,869
Radeon Pro WX 4170,3005,870
Intel Iris 550,3006,871
Radeon Vega 8 Ryzen 5 3500U,3007,872
Radeon Ryzen 7 3700U,3008,873
Radeon HD 4870,3009,874
FirePro W5130M,3010,875
Radeon HD 7560D + HD 7670 Dual,3011,876
Radeon HD 7850M,3012,877
Radeon Vega 8 Ryzen 5 PRO 3500U w/,3013,878
FirePro M40003,3014,879
Quadro K2100M,3015,880
Radeon HD 8670D + 6670 Dual,3016,881
Radeon RX Vega11 Ryzen 7 Microsoft Surface Edition,3017,882
Radeon 540,3018,883
Radeon HD 7560D + HD 7700 Dual,3019,884
Ryzen 3 4300U with Radeon Graphics,3020,885
Radeon HD 5770,3021,886
Intel Iris Plus 640,3022,887
FireStream 9270,3023,888
GeForce 930A,3024,889
Radeon RX Vega 10 Ryzen 7 PRO 3700U w/,3025,890
Radeon HD 8670D + HD 7600 Dual,3026,891
Quadro 4000M,3027,892
FirePro M5950,3028,893
GeForce GTS 450,3029,894
GeForce GT 750M,3030,895
Radeon Vega 6,3031,896
Radeon R7 PRO A8-8670E,3032,897
Radeon HD 4870 X2,3033,898
Tesla M2070-Q,3034,899
Radeon HD 8790M,3035,900
TENSOR 1.0 Driver Intel HD 630,3036,901
GeForce 930MX,3037,902
Radeon Vega 9 Ryzen 5 3550H,3038,903
Radeon R7 A370,3039,904
RadeonT 610M,3040,905
GeForce GTX 280,3041,906
FirePro 3D V8750,3042,907
Radeon Vega 6 Ryzen 3 3300U,3043,908
Radeon Vega 8 Ryzen 5 3450U,3044,909
FirePro V5900,3045,910
Radeon HD 8570D + HD 6670 Dual,3046,911
Radeon HD 7560D + HD 7600 Dual,3047,912
Intel UHD Graphics 630,3048,913
Intel Iris 540,3049,914
Radeon 630,3050,915
Radeon HD 6770,3051,916
Quadro 2000 D,3052,917
Radeon HD 8570D + 6570 Dual,3053,918
Radeon HD 7660D + 6670 Dual,3054,919
Radeon HD 7560D + HD 6570 Dual,3055,920
Radeon R7 + R5 340 Dual,3056,921
Radeon R7 + R7 250 Dual,3057,922
FirePro 3D V5800,3058,923
GeForce GTX 460M,3059,924
GeForce GTX 260,3060,925
GeForce GTX 760A,3061,926
GeForce GTX 560M,3062,927
Radeon HD 8670D + HD 6670 Dual,3063,928
Quadro FX 5800,3064,929
Radeon HD 8790M / R9 M290X,3065,930
Radeon HD 7730,3066,931
GeForce GT 650M,3067,932
FirePro 3D V8700,3068,933
N16P-GX,3069,934
Radeon HD 7660D + 7540D Dual,3070,935
Radeon R9 M270X,3071,936
GeForce GT 745A,3072,937
Intel Iris Pro 5200,3073,938
GeForce GPU,3074,939
Radeon HD 7750M,3075,940
Radeon R7 +8G,3076,941
GeForce GTX 295,3077,942
Intel HD P630,3078,943
GeForce 840A,3079,944
GeForce GT 640,3080,945
FirePro V5800,3081,946
Firepro W4190M,3082,947
Radeon R7 Opteron X3421,3083,948
Quadro M500M,3084,949
FireStream 9250,3085,950
Radeon Ryzen Embedded V2516,3086,951
Quadro K620M,3087,952
Radeon HD 5750,3088,953
NVS 810,3089,954
Barco MXRT 5400,3090,955
Intel Coffee Lake UHD,3091,956
Intel HD P530,3092,957
Radeon R7 M465,3093,958
Radeon HD 8850M / R9 M265X,3094,959
GeForce 830A,3095,960
Radeon R7 A10-7870K,3096,961
Radeon HD 4850 X2,3097,962
Radeon HD 7560D + 6670 Dual,3098,963
Radeon HD 8650G + 7700M Dual,3099,964
Radeon HD 7660D + 7500 Dual,3100,965
FirePro M4170,3101,966
GeForce 940M,3102,967
Radeon R7 A12-9800 RADEON,3103,968
Radeon 625,3104,969
Radeon R7 M460,3105,970
Radeon R9 M275,3106,971
Intel HD 630,3107,972
Radeon R9 M265X,3108,973
Radeon 610M,3109,974
Radeon R7 A10-9700E RADEON,3110,975
GeForce 940A,3111,976
GeForce GT 545,3112,977
Radeon R7 430,3113,978
Radeon HD 7660D + 6570 Dual,3114,979
Quadro 2100M,3115,980
GeForce GT 745M,3116,981
Radeon R7 M350,3117,982
Radeon R5 PRO A6-9500 2C+6G,3118,983
GeForce GTX 850M - MODDED,3119,984
Mobility Radeon HD 5870,3120,985
Radeon R7 250,3121,986
GeForce 920MX,3122,987
Quadro K1100M,3123,988
Intel UHD Graphics 710,3124,989
GeForce 840M,3125,990
MIRRORV3,3126,991
Barco MXRT 5450,3127,992
Radeon R7 + R7 200 Dual,3128,993
Radeon 535,3129,994
Radeon HD 8450G + 8600/8700M Dual,3130,995
Radeon Ryzen 5 3450U,3131,996
Radeon HD 7660D + 7670 Dual,3132,997
Radeon Ryzen Embedded R2514,3133,998
Radeon HD 7520G + 7700M Dual,3134,999
Firepro M4100,3135,1000
OPAL XT/GL,3136,1001
Radeon HD 7670A,3137,1002
GeForce GTX 850A,3138,1003
Radeon R7 A12-9730P RADEON,3139,1004
Radeon R7 + R7 240 Dual,3140,1005
Radeon Vega 3 Athlon 300GE,3141,1006
Radeon Vega 3 Athlon 3000G,3142,1007
Radeon HD 8570D + 6670 Dual,3143,1008
Intel UHD Graphics 620,3144,1009
FirePro W4170M,3145,1010
Radeon HD 8570D + HD 8570 Dual,3146,1011
Radeon HD 6750,3147,1012
Radeon HD 8600/8700M,3148,1013
Radeon R7 + R5 330 Dual,3149,1014
Radeon R7 340,3150,1015
Radeon Vega 3 Mobile,3151,1016
Radeon HD 8670D + R7 240 Dual,3152,1017
Quadro 3000M,3153,1018
Radeon HD 6700M,3154,1019
Quadro K2000M,3155,1020
Radeon R5 A6-9500E 2C+4G,3156,1021
GeForce 930M,3157,1022
Radeon R7 M260X,3158,1023
Radeon HD 7690M XT,3159,1024
GeForce 830M,3160,1025
Radeon 530,3161,1026
Radeon HD 7690M,3162,1027
Radeon HD 7660G + HD 7500/7600 7500/7600 Dual,3163,1028
Radeon HD 8570D + R7 200 Dual,3164,1029
Radeon HD 7660G + HD 7500M/7600M Dual,3165,1030
Radeon HD 7640G + HD 8750M Dual,3166,1031
Intel HD 530,3167,1032
Radeon R7 A265,3168,1033
Quadro FX 4800,3169,1034
Radeon HD 7560D + 7570 Dual,3170,1035
"Radeon R5 PRO A6-8570 R5, 8 COMPUTE CORES 2C+6G",3171,1036
Radeon HD 8690M,3172,1037
Radeon R5 340,3173,1038
Radeon HD 7560D + 7560D Dual,3174,1039
Radeon R7 A10-7850K,3175,1040
Quadro 2000D,3176,1041
Radeon R5 A10-9630P 4C+6G,3177,1042
FirePro V4900,3178,1043
Radeon HD 8670D + 8570 Dual,3179,1044
Radeon HD 8850M,3180,1045
Qualcomm Adreno 690 GPU,3181,1046
Radeon R7 PRO A10-9700E,3182,1047
Radeon R6 A10-9600P 4C+6G,3183,1048
Radeon R7 PRO A12-8870E,3184,1049
Radeon HD 7660G N HD 7660G + HD 7700M N HD 7700M D,3185,1050
Radeon HD 6770M,3186,1051
Radeon HD 8570D + R7 240 Dual,3187,1052
Radeon HD 8570,3188,1053
Radeon R7 PRO A8-9600,3189,1054
Radeon HD 8750M,3190,1055
Radeon R6 Opteron X3418,3191,1056
Radeon HD 8670D + R7 200 Dual,3192,1057
Radeon HD 8570 + HD 7660D Dual,3193,1058
Quadro CX,3194,1059
Radeon HD 6670/7670,3195,1060
Radeon HD 7640G + 7690M Dual,3196,1061
Radeon R7 PRO A10-8850B,3197,1062
Quadro 2000,3198,1063
Radeon R7 PRO A12-9800E,3199,1064
Radeon R7 M445,3200,1065
Radeon HD 7660D + R7 240 Dual,3201,1066
Radeon R9 M375,3202,1067
Radeon HD 4850,3203,1068
Radeon R5 430,3204,1069
Radeon HD 6750M,3205,1070
Radeon HD 7560D + HD 8570 Dual,3206,1071
Radeon R7 PRO A12-9800,3207,1072
Radeon HD 7660G + 7730M Dual,3208,1073
Radeon R7 240 + HD 8670D Dual,3209,1074
FirePro M4150,3210,1075
Intel HD Graphics 620,3211,1076
Intel Iris Pro 6100,3212,1077
Radeon R7 A10-9700 RADEON,3213,1078
GeForce GT 645M,3214,1079
Radeon R7 240 + HD 8570D Dual,3215,1080
GeForce GT 640M,3216,1081
GRID M10-0Q,3217,1082
Intel Iris 6100,3218,1083
Radeon R7 A8-8650,3219,1084
GRID K220Q,3220,1085
GRID M6-0B,3221,1086
Radeon 6750M,3222,1087
Radeon R7 A8-7500,3223,1088
Radeon R7 A10-7860K,3224,1089
"Radeon R5 A6-9500 RADEON R5, 8 COMPUTE CORES 2C+6G",3225,1090
Radeon HD 8550G + 7600M Dual,3226,1091
Barco MXRT 7400,3227,1092
Barco MXRT 2600,3228,1093
Radeon R7 + R5 Dual,3229,1094
Radeon 620,3230,1095
Radeon R7 M440,3231,1096
7900 MOD - Radeon HD 6550D,3232,1097
Qualcomm Adreno 685 GPU,3233,1098
Intel UHD Graphics 617,3234,1099
Radeon R7 A12-9800E RADEON,3235,1100
FirePro W2100,3236,1101
Radeon Vega 3,3237,1102
Radeon HD 4770,3238,1103
Radeon R7 240,3239,1104
Radeon R7 + R5 435 Dual A10-9700 RADEON,3240,1105
Radeon R7 PRO A10-8770,3241,1106
Radeon HD 8650G + 7670M Dual,3242,1107
Radeon R7 A10 PRO-7850B,3243,1108
Radeon HD 7660G + HD 7730M Dual,3244,1109
Radeon E6760,3245,1110
Intel HD 520,3246,1111
Radeon R7 G,3247,1112
Radeon HD 8570D + HD 6570 Dual,3248,1113
Mobility Radeon HD 4850,3249,1114
Radeon HD 8470D + HD 6450 Dual,3250,1115
Radeon Vega 3 Athlon 300U,3251,1116
Radeon 520,3252,1117
Intel HD 6000,3253,1118
Radeon R7 PRO A12-8870,3254,1119
Radeon HD 8550G + HD 7600M Dual,3255,1120
Radeon Vega 3 Ryzen 3 3200U,3256,1121
FirePro 3D V4800,3257,1122
Radeon R5 A6-9500 2C+6G,3258,1123
Radeon R7 A8-7500 4C+6G,3259,1124
Radeon HD 8500M/8700M,3260,1125
GeForce 920A,3261,1126
Radeon R7 A8-7670K,3262,1127
Radeon R5 PRO A6-8570 2C+6G,3263,1128
Radeon Vega 3 Athlon Silver 3050U,3264,1129
Radeon R7 A10-8750,3265,1130
Radeon R5 435,3266,1131
Radeon R7 A8-9600 RADEON,3267,1132
FireGL V8600,3268,1133
Radeon HD 8470D + 6570 Dual,3269,1134
Radeon HD 8670D + R5 235 Dual,3270,1135
GeForce GT 635,3271,1136
Radeon HD 4830,3272,1137
Radeon HD 6650A,3273,1138
Radeon R7 A10 PRO-7800B,3274,1139
Radeon HD 7560D + 6570 Dual,3275,1140
"Radeon R5 PRO A6-9500 R5, 8 COMPUTE CORES 2C+6G",3276,1141
Radeon HD 7520G + HD 7500/7600 Dual,3277,1142
Radeon HD 8650G + 8600/8700M Dual,3278,1143
Radeon HD 7660G + 7600M Dual,3279,1144
Intel HD 5200,3280,1145
GeForce GT 730,3281,1146
GRID M60-0Q,3282,1147
"Radeon R5 A10-9630P RADEON R5, 10 COMPUTE CORES 4C",3283,1148
Radeon HD 7640G N HD 7640G + HD 7600M N HD 7600M D,3284,1149
Radeon HD 3850 X2,3285,1150
Radeon HD 7540D + 7500 Dual,3286,1151
Radeon R7 A8-7680,3287,1152
Radeon R7 PRO A10-8770E,3288,1153
Radeon HD 7670,3289,1154
Radeon HD 8650G + HD 7600M Dual,3290,1155
Radeon HD 8550G + HD 8750M Dual,3291,1156
Radeon R7 M260DX,3292,1157
Radeon R7 FX-8800P,3293,1158
Radeon R7 A10 Extreme Edition,3294,1159
Radeon Ryzen 3 3250U,3295,1160
Radeon R9 M280X,3296,1161
GeForce GT 730M,3297,1162
Radeon Vega 3 Ryzen 3 3250U,3298,1163
Radeon HD 8670D + 7000 Dual,3299,1164
GeForce GT 445M,3300,1165
Radeon R7 PRO A10-9700,3301,1166
Radeon HD 8550G + 8600/8700M Dual,3302,1167
Radeon R5 M435,3303,1168
"Radeon R5 PRO A6-8570E R5, 6 COMPUTE CORES 2C+4G",3304,1169
Quadro FX 3800,3305,1170
Radeon HD 8650G + HD 8790M Dual,3306,1171
Radeon 535DX,3307,1172
Radeon HD 6800M,3308,1173
GeForce 9800 GX2,3309,1174
Radeon HD 8650G N HD 8650G + HD 8600/8700M Dual,3310,1175
Radeon HD 8550G + 8750M Dual,3311,1176
Radeon R8 M445DX,3312,1177
Radeon HD 5670,3313,1178
GeForce GT 740M,3314,1179
Radeon R7 A10-7700K,3315,1180
Radeon HD 8650G + 8750M Dual,3316,1181
Quadro K1000M,3317,1182
GeForce 825M,3318,1183
Radeon R7 A8-7600,3319,1184
Radeon R7 PRO A6-9500 2C+6G,3320,1185
Radeon R7 A365,3321,1186
Quadro 2000M,3322,1187
Radeon HD 8650G + HD 8750M Dual,3323,1188
Radeon R7 A10-7890K,3324,1189
Radeon HD 7660G + HD 7700M Dual,3325,1190
Radeon HD 7640G + 7500M/7600M Dual,3326,1191
GeForce GT 440,3327,1192
Radeon HD 7600M + 7600M Dual,3328,1193
Radeon HD 8650G N HD 8650G + HD 8570M Dual,3329,1194
Mobility Radeon HD 5000,3330,1195
Radeon R7 A10-8850,3331,1196
GeForce 730A,3332,1197
Radeon Vega 3 Ryzen Embedded R1505G,3333,1198
Radeon R5 PRO A6-9500E 2C+4G,3334,1199
Radeon HD 4810,3335,1200
GeForce 9800 GTX,3336,1201
Radeon R7 M365X,3337,1202
Radeon R7 M270,3338,1203
Radeon HD 8650G + HD 8600/8700M Dual,3339,1204
Mobility Radeon HD 5850,3340,1205
Quadro K420,3341,1206
Radeon HD 6450 + 8470D Dual,3342,1207
Radeon HD 7660G + HD 7500/7600 Dual,3343,1208
Radeon R7 PRO A10-8750B,3344,1209
Radeon HD 7660G + HD 8500M Dual,3345,1210
Radeon HD 8650G + HD 8600M N HD 8600M Dual,3346,1211
Radeon HD 7660G + 7700M Dual,3347,1212
Quadro 1100M,3348,1213
Intel UHD Graphics 615,3349,1214
Radeon HD 7640G + 7450M Dual,3350,1215
Radeon HD 6650M,3351,1216
Radeon HD 8570D + HD 7000 Dual,3352,1217
Quadro K600,3353,1218
IncrediblE HD 4600,3354,1219
Radeon HD 7730M,3355,1220
Radeon M535DX,3356,1221
Radeon HD 7640G + 7650M Dual,3357,1222
Radeon HD 7660G + HD 8600/8700M Dual,3358,1223
Radeon HD 8670D + R5 330 Dual,3359,1224
Intel Iris 5100,3360,1225
Radeon HD 7660G + 7610M Dual,3361,1226
Radeon R5 235 + HD 7560D Dual,3362,1227
Radeon HD 7660G + 7670M Dual,3363,1228
GeForce GT 730A,3364,1229
Radeon HD 8650G + 7600M Dual,3365,1230
Radeon R7 A12-9720P RADEON,3366,1231
Radeon R7 A12-9700P RADEON,3367,1232
Radeon R7 FX-9800P RADEON,3368,1233
Intel Poison Ivy,3369,1234
GeForce GT 340,3370,1235
Radeon HD 7670M + 7670M Dual,3371,1236
Radeon R5 235 + HD 8570D Dual,3372,1237
Radeon R7 A8-7650K,3373,1238
Radeon R5 A10-9620P 4C+6G,3374,1239
Radeon HD 6670,3375,1240
Radeon R7 PRO A8-8650B,3376,1241
Radeon HD 7550M/7650M,3377,1242
GRID K140Q,3378,1243
Intel HD 615,3379,1244
GeForce 920M,3380,1245
Radeon HD 8730M,3381,1246
Quadro K610M,3382,1247
Radeon HD 7660G N HD 7660G + HD 7600M N HD 7600M D,3383,1248
Radeon HD 8650G + R5 M200 Dual,3384,1249
Asus GTX 650 FML II EC-EGPU,3385,1250
Mobility Radeon HD 4870,3386,1251
Radeon HD 7540D + 6570 Dual,3387,1252
Intel UHD Graphics 610,3388,1253
Radeon HD 8670D + HD 7000 Dual,3389,1254
Radeon HD 8470D + 6450 Dual,3390,1255
Radeon Athlon Gold 3150U,3391,1256
Radeon HD 8650G + HD 8570M Dual,3392,1257
Radeon R7 A10-7800,3393,1258
Radeon Vega 3 Athlon 320GE,3394,1259
"Radeon R5 A6-9500E RADEON R5, 6 COMPUTE CORES 2C+4",3395,1260
NVS 510,3396,1261
Radeon HD 7660G + HD 8670M Dual,3397,1262
Radeon HD 3870 X2,3398,1263
Radeon HD 6550A,3399,1264
Radeon HD 7660G + HD 7670M Dual,3400,1265
Radeon HD 7640G + 7600M Dual,3401,1266
Radeon HD 7660G N HD 7660G + HD 7670M Dual,3402,1267
Radeon HD 7640G + HD 7600M Dual,3403,1268
"Radeon R5 A10-9600P RADEON R5, 10 COMPUTE CORES 4C",3404,1269
TRINITY DEVASTATOR MOBILE,3405,1270
Radeon HD 7570M/HD 7670M,3406,1271
Intel HD 610,3407,1272
Radeon R5 PRO A10-8730B 4C+6G,3408,1273
Radeon R5 PRO A6-9500B 2C+4G,3409,1274
Radeon HD 7640G + 7700M Dual,3410,1275
Radeon R5 PRO A6-8530B 2C+4G,3411,1276
Radeon HD 7640G + 8600/8700M Dual,3412,1277
"Radeon R5 A10-9620P RADEON R5, 10 COMPUTE CORES 4C",3413,1278
Radeon HD 8650G + R5 M230 Dual,3414,1279
Radeon HD 8550D,3415,1280
Radeon HD 6630M,3416,1281
Radeon Athlon Silver 3050U,3417,1282
GeForce GT 630,3418,1283
GRID P40-3Q,3419,1284
Radeon HD 8650G N HD 8650G + HD 8600M N HD 8600M D,3420,1285
Radeon HD 7640G N HD 7640G + HD 7670M Dual,3421,1286
GeForce GT 530,3422,1287
GeForce GTS 160M,3423,1288
Radeon HD 7640G + HD 8670M Dual,3424,1289
Radeon R5 A6-7480,3425,1290
Radeon HD 8610G + R5 M200 Dual,3426,1291
Quadro FX 4700 X2,3427,1292
GeForce GT 640M LE,3428,1293
Radeon R8 M535DX,3429,1294
Radeon R7 PRO A10-9700B,3430,1295
Radeon R7 PRO A12-9800B,3431,1296
GeForce GT 740A,3432,1297
Radeon R7 A8 PRO-7600B,3433,1298
Radeon HD 7640G + HD 8500M N HD 8500M Dual,3434,1299
GeForce GT 555M,3435,1300
FirePro M7740,3436,1301
Radeon HD 8550G + 8690M Dual,3437,1302
Radeon R7 M340,3438,1303
Radeon HD 5600/5700,3439,1304
FireGL V7700,3440,1305
Radeon HD 2900 XT,3441,1306
Radeon R5 PRO A8-9600B 4C+6G,3442,1307
GeForce GT 140,3443,1308
GeForce GTS 360M,3444,1309
Radeon HD 7640G + 8750M Dual,3445,1310
Radeon HD 8550G + HD 8600/8700M Dual,3446,1311
Radeon HD 8650G + 8570M Dual,3447,1312
Radeon HD 7520G + HD 8750M Dual,3448,1313
GRID K1,3449,1314
GeForce GTX 285M,3450,1315
SUMO 9640,3451,1316
FirePro V3900,3452,1317
Radeon R5 M430,3453,1318
FireStream 9170,3454,1319
Radeon HD 6670 + 6670 Dual,3455,1320
Radeon HD 8610G + HD 8500M Dual,3456,1321
Radeon HD 7640G + 7670M Dual,3457,1322
Radeon HD 7540D + HD 6450 Dual,3458,1323
"Radeon R5 PRO A10-8730B R5, 10 COMPUTE CORES 4C+6G",3459,1324
GeForce 8800 Ultra,3460,1325
Radeon R5 PRO A6-8570E 2C+4G,3461,1326
Radeon HD 7640G + 7400M Dual,3462,1327
Radeon HD 8450G + 8750M Dual,3463,1328
GeForce 9800 S,3464,1329
Radeon HD 8650G + 8670M Dual,3465,1330
Intel HD P4600/P4700,3466,1331
Radeon HD 8650G + HD 7670M Dual,3467,1332
Radeon HD 7660D + HD 7000 Dual,3468,1333
Radeon HD 7610M,3469,1334
GeForce GT 710,3470,1335
NVS 5400M,3471,1336
Radeon HD 7640G + HD 7700M N HD 7700M Dual,3472,1337
Radeon HD 7660G + 7470M Dual,3473,1338
Radeon R7 A360,3474,1339
Radeon HD 8510G + HD 8500M Dual,3475,1340
Intel HD 4600,3476,1341
Intel HD 515,3477,1342
GRID K160Q,3478,1343
Radeon HD 2900 PRO,3479,1344
Intel HD 510,3480,1345
Qualcomm Adreno 680 GPU,3481,1346
Radeon HD 7640G + 7500/7600 Dual,3482,1347
Radeon HD 8650G + 8500M Dual,3483,1348
Radeon HD 7570,3484,1349
GeForce GT 735M,3485,1350
Radeon HD 7520G + HD 8600/8700M Dual,3486,1351
GeForce 810A,3487,1352
Radeon HD 7640G + HD 7400M Dual,3488,1353
Radeon HD 8570 + 8670D Dual,3489,1354
Radeon HD 8550G + R5 M200 Dual,3490,1355
Radeon R5 A10-9600P 4C+6G,3491,1356
Radeon HD 8550G + 8600M Dual,3492,1357
Radeon HD 7500G + 7500M/7600M Dual,3493,1358
FireGL V7600,3494,1359
GeForce 720A,3495,1360
Radeon R6,3496,1361
Radeon HD 8650G + 8600M Dual,3497,1362
GeForce GT 720,3498,1363
Radeon Vega 3 Athlon Gold 3150U,3499,1364
Radeon HD 8550G N HD 8550G + HD 8600M N HD 8600M D,3500,1365
7900 MOD - Radeon HD 6520G,3501,1366
Quadro K510M,3502,1367
Radeon HD 8610G + 8500M Dual,3503,1368
GeForce 9800 GTX/9800 GTX+,3504,1369
GeForce GTS 250,3505,1370
Radeon HD 7640G + HD 8500M Dual,3506,1371
Radeon HD 8650G + HD 8600M Dual,3507,1372
Radeon R6 M255DX,3508,1373
"Radeon R5 A6-9400 RADEON R5, 6 COMPUTE CORES 2C+4G",3509,1374
Intel HD P4600,3510,1375
Radeon Vega 3 3020e,3511,1376
Quadro FX 3800M,3512,1377
GeForce GT 430,3513,1378
Radeon HD 8550G + 8500M Dual,3514,1379
GeForce GT 720A,3515,1380
"Radeon R6 PRO A8-8600B R6, 10 Compute Cores 4C+6G",3516,1381
Radeon HD 8610G + 8670M Dual,3517,1382
Radeon R8 M365DX,3518,1383
Radeon R7 PRO A12-8800B,3519,1384
Matrox C420 LP PCIe x16,3520,1385
Radeon HD 8510G + 8500M Dual,3521,1386
Radeon R5 M330,3522,1387
GeForce 8800 GTX,3523,1388
Radeon HD 7640G + 7470M Dual,3524,1389
Radeon R7 PRO A12-8830B,3525,1390
Radeon HD 8550G + HD 8600M Dual,3526,1391
Surface Duo Adreno 640 GPU,3527,1392
Qualcomm Adreno 7c+ Gen 3,3528,1393
GeForce 910M,3529,1394
Radeon HD 7520G + 7600M Dual,3530,1395
Radeon HD 7640G + HD 7700M Dual,3531,1396
Radeon HD 8610G + 8600M Dual,3532,1397
Radeon HD 7520G + 7610M Dual,3533,1398
Radeon HD 7660G + 7400M Dual,3534,1399
Radeon HD 7660G + 8670M Dual,3535,1400
Radeon HD 7640G + HD 8600/8700M Dual,3536,1401
Radeon R5 A6-8500P,3537,1402
Intel HD 5500,3538,1403
Radeon HD 7640G + 8500M Dual,3539,1404
Radeon HD 8650G + HD 8670M Dual,3540,1405
GeForce GT 550M,3541,1406
Radeon HD 7520G + 7500/7600 Dual,3542,1407
GeForce GT 820M,3543,1408
Radeon HD 8550G + 8670M Dual,3544,1409
Radeon HD 8450G + R5 M230 Dual,3545,1410
Radeon HD 8610G + HD 8670M Dual,3546,1411
GeForce GTS 240,3547,1412
Radeon HD 7620G + 8670M Dual,3548,1413
Intel Skylake HD DT GT2,3549,1414
Radeon R5 A240,3550,1415
GeForce GTX 280M,3551,1416
GeForce 8800 GTS 512,3552,1417
Radeon HD 7520G + HD 7700M Dual,3553,1418
Radeon R5 420,3554,1419
Radeon HD 7520G N HD 7520G + HD 7500/7600 7500/760,3555,1420
Radeon HD 8450G + HD 8670M Dual,3556,1421
Intel HD 5000,3557,1422
Radeon HD 7650A,3558,1423
Quadro 500M,3559,1424
Radeon R6 + R7 M265DX Dual,3560,1425
Quadro 1000M,3561,1426
GeForce GTS 250M,3562,1427
Radeon HD 7560D + 6450 Dual,3563,1428
Radeon HD 6610M,3564,1429
Radeon R7E,3565,1430
GeForce GT 635M,3566,1431
Radeon R7 M360,3567,1432
Radeon HD 7560D + R5 235 Dual,3568,1433
"Radeon R5 PRO A8-9600B R5, 10 COMPUTE CORES 4C+6G",3569,1434
Radeon HD 3870,3570,1435
Radeon HD 7640G + R5 M200 Dual,3571,1436
Radeon HD 8550G + HD 8500M Dual,3572,1437
Radeon HD 7640G + 8670M Dual,3573,1438
Radeon HD 7640G + 8570M Dual,3574,1439
Radeon HD 6570,3575,1440
GeForce 820A,3576,1441
GF117,3577,1442
Radeon Vega 3 Athlon Silver 3050e,3578,1443
Radeon R7 7850A10-7850K,3579,1444
FireGL V8650,3580,1445
Radeon HD 8650G,3581,1446
Radeon R5 M335,3582,1447
Mobility Radeon HD 3870,3583,1448
FirePro 3D V5700,3584,1449
Radeon HD 8550G + HD 8670M Dual,3585,1450
GeForce 615,3586,1451
Radeon HD 8450G + 8600M Dual,3587,1452
FirePro 3D V7750,3588,1453
Radeon HD 7520G + HD 7400M Dual,3589,1454
GeForce GT 630M,3590,1455
Radeon HD 7600G + HD 8670M Dual,3591,1456
Radeon R7 M265,3592,1457
Mobility Radeon HD 5570,3593,1458
Quadro FX 2700,3594,1459
Radeon HD 7520G + 7470M Dual,3595,1460
GeForce GT 435M,3596,1461
Radeon R6 A10-8700P,3597,1462
Quadro 600,3598,1463
Qualcomm Adreno 675 GPU,3599,1464
Radeon R6 PRO A10-8700B 4C+6G,3600,1465
Radeon HD 8670D,3601,1466
Radeon HD 7560D + HD 7000 Dual,3602,1467
GRID K180Q,3603,1468
Radeon HD 8550G + 8570M Dual,3604,1469
Radeon R5 M255,3605,1470
"Radeon R6 PRO A10-8700B R6, 10 Compute Cores 4C+6G",3606,1471
Radeon R6 PRO A8-8600B 4C+6G,3607,1472
RADEON HD6530D,3608,1473
Radeon HD 8550G + HD 8570M Dual,3609,1474
Radeon R5 240,3610,1475
Radeon HD 7640G + 6400M Dual,3611,1476
Radeon HD 7600G N HD 7600G + HD ON HD Dual,3612,1477
Quadro FX 5600,3613,1478
Radeon HD 7660D + R5 235 Dual,3614,1479
GeForce GT 425M,3615,1480
Radeon HD 7660G + HD 7600M Dual,3616,1481
Radeon HD 7520G + 7670M Dual,3617,1482
GeForce GT 240,3618,1483
Intel HD 4400,3619,1484
Radeon HD 8670M,3620,1485
Radeon HD 7640G + HD 7670M Dual,3621,1486
Radeon 6600M,3622,1487
IncrediblE HD 4000,3623,1488
Intel HD P4000,3624,1489
NVS 5200M,3625,1490
Radeon R5 330,3626,1491
Mobility Radeon HD 4830,3627,1492
Radeon HD 7640G + 7610M Dual,3628,1493
Radeon HD 7600G + HD 7550M Dual,3629,1494
Radeon HD 7620G + 8600M Dual,3630,1495
Radeon R5 PRO A6-8500B 2C+4G,3631,1496
Radeon HD 7620G + HD 8670M Dual,3632,1497
GeForce 9800 GTX+,3633,1498
GeForce 820M,3634,1499
Radeon Vega 2,3635,1500
GeForce GTS 150M,3636,1501
Radeon HD 8450G + HD 8750M Dual,3637,1502
Radeon HD 7660D,3638,1503
Radeon R7 M265DX,3639,1504
Mobility Radeon HD 5730,3640,1505
TRINITY SCRAPPER MOBILE,3641,1506
SUMO 964A,3642,1507
Radeon HD 7500G + 7550M Dual,3643,1508
ASUS EAH4870x2,3644,1509
Radeon HD 7520G + HD 7670M Dual,3645,1510
GeForce 8800 GT,3646,1511
GeForce 9600 GT,3647,1512
Radeon HD8530M,3648,1513
Radeon HD 8670D N HD 8670D + HD 8670D Dual,3649,1514
Radeon R5 M420,3650,1515
Radeon HD 8550G + R5 M230 Dual,3651,1516
Radeon HD 8690A,3652,1517
Radeon R4E,3653,1518
Radeon HD 7520G + 7400M Dual,3654,1519
Radeon R7 M260,3655,1520
GeForce GT 540M,3656,1521
Radeon HD 5570,3657,1522
Radeon HD 8610G + HD 8600M Dual,3658,1523
Mobility Radeon HD 5000 Serisi,3659,1524
Mobility Radeon HD 3870 X2,3660,1525
Radeon HD 7600G + HD 7500M/7600M Dual,3661,1526
GeForce 800A,3662,1527
GeForce GT 625M,3663,1528
GeForce 710A,3664,1529
Radeon R6 A8-8600P,3665,1530
Radeon HD 8450G + 8670M Dual,3666,1531
Radeon HD 7640G + HD 8570M Dual,3667,1532
Radeon HD 7670M,3668,1533
Radeon HD 7660G,3669,1534
Radeon R5 M315,3670,1535
"Radeon R5 PRO A6-8500B R5, 6 Compute Cores 2C+4G",3671,1536
FirePro 3D V3800,3672,1537
Radeon HD 8570D + R5 235 Dual,3673,1538
Radeon 3020e,3674,1539
GeForce 800M,3675,1540
GeForce 9800 GT,3676,1541
Quadro FX 3600M,3677,1542
Quadro FX 1800M,3678,1543
SUMO 9644,3679,1544
Radeon HD 7660D + 7470 Dual,3680,1545
GeForce GT 720M,3681,1546
GeForce 710M,3682,1547
Radeon HD 7550M,3683,1548
FirePro V5700,3684,1549
Mobility Radeon HD 4670,3685,1550
GeForce 8800M GTX,3686,1551
Radeon HD 7560D,3687,1552
Radeon HD 7640G,3688,1553
Radeon HD 7660G + HD 7600M N HD 7600M Dual,3689,1554
GeForce GT 525M,3690,1555
Intel HD Family,3691,1556
GeForce GT625M,3692,1557
Quadro FX 3700M,3693,1558
GeForce 705M,3694,1559
GeForce 9800M GTX,3695,1560
GeForce GT 320,3696,1561
Radeon HD 7520G + 7650M Dual,3697,1562
Radeon HD 8450G + HD 8600M Dual,3698,1563
Radeon HD 7620G N HD 7620G + HD 8600M N HD 8600M D,3699,1564
Mobility Radeon HD 5650,3700,1565
Radeon HD 7520G + HD 7600M Dual,3701,1566
Radeon HD 7660G + 8600M Dual,3702,1567
GeForce GT 710M,3703,1568
PHDGD Ivy 5,3704,1569
Quadro 410,3705,1570
Radeon HD 7620G + HD 8600M Dual,3706,1571
GeForce 9800M GS,3707,1572
Radeon HD 7650M,3708,1573
Radeon R5 M320,3709,1574
GeForce GT 620M,3710,1575
Radeon HD 8570D,3711,1576
Radeon HD 7600G + HD Dual,3712,1577
Radeon HD 8410G,3713,1578
Radeon HD 3850 AGP,3714,1579
Radeon HD 7570M,3715,1580
Quadro FX 4600,3716,1581
Radeon HD 8610G,3717,1582
Radeon R5 M240,3718,1583
GeForce GT 420,3719,1584
FirePro M2000,3720,1585
Radeon HD 7640G + HD 7500/7600 Dual,3721,1586
Radeon HD 7600G + 7550M Dual,3722,1587
RADEON HD6410D,3723,1588
Radeon HD 7640G N HD 7640G + HD 8570M Dual,3724,1589
Quadro FX 2800M,3725,1590
GeForce 8800 GTS,3726,1591
Radeon HD 8570M,3727,1592
Intel 4th Generation Haswell HD,3728,1593
GeForce GT 420M,3729,1594
Radeon R5 M230,3730,1595
Radeon HD 8500M,3731,1596
GeForce 810M,3732,1597
Radeon HD 8550G,3733,1598
"Radeon R5 PRO A6-9500B R5, 6 COMPUTE CORES 2C+4G",3734,1599
GeForce GTS 350M,3735,1600
Radeon HD 7470M,3736,1601
Radeon HD 7640G + HD 7600M N HD 7600M Dual,3737,1602
Radeon HD 7600G + 7500M/7600M Dual,3738,1603
RADEON E4690,3739,1604
Radeon HD 6550D,3740,1605
Mobility Radeon HD 4650,3741,1606
GeForce 9800M GTS,3742,1607
GeForce GT 330,3743,1608
Quadro FX 1800,3744,1609
Radeon HD 3850,3745,1610
Radeon HD 8650D,3746,1611
Radeon R5 Opteron X3216,3747,1612
Intel HD 5300,3748,1613
GeForce GT 335M,3749,1614
Radeon HD 7600G + 7450M Dual,3750,1615
IncrediblE HD,3751,1616
GeForce 7900 GTX,3752,1617
GeForce 8800M GTS,3753,1618
GeForce 9800M GT,3754,1619
GeForce GT 130,3755,1620
Quadro FX 3700,3756,1621
Radeon HD 4670,3757,1622
GeForce GTX 260M,3758,1623
Radeon HD 6490M,3759,1624
Quadro FX 2700M,3760,1625
Radeon HD 7520G + 8750M Dual,3761,1626
Radeon HD 7600G + 6400M Dual,3762,1627
PHDGD Ivy 4,3763,1628
Radeon HD 8570D + HD8490 Dual,3764,1629
Radeon HD 5550,3765,1630
GeForce GT 610M / GT 620M / GT 710M / GT 720M / GT,3766,1631
Intel UHD Graphics 605,3767,1632
GeForce GT 620,3768,1633
Matrox Millennium P690 PCIe x16,3769,1634
Radeon HD4670,3770,1635
Mobility Radeon HD 3850,3771,1636
Radeon HD 8510G,3772,1637
Radeon HD 7520G N HD 7520G + HD 7600M N HD 7600M D,3773,1638
Radeon HD 8450G,3774,1639
Radeon HD 7660G + HD 8600M Dual,3775,1640
Radeon HD 8470D,3776,1641
Radeon HD 7620G,3777,1642
Radeon Vega 3 Ryzen Embedded R1305G,3778,1643
Radeon HD 7500G + HD 7500M/7600M Dual,3779,1644
Radeon 3015e,3780,1645
Radeon HD 6480M,3781,1646
Mobility Radeon HD 565v,3782,1647
Intel HD 505,3783,1648
Radeon HD 6620G,3784,1649
Radeon HD 7580D,3785,1650
GeForce 7950 GT,3786,1651
Intel HD 4000,3787,1652
Radeon R5 235,3788,1653
FirePro 3D V3750,3789,1654
FireGL V5600,3790,1655
Radeon HD 8310E,3791,1656
Radeon HD 7660D + HD 7400 Dual,3792,1657
GeForce GT 625,3793,1658
Radeon HD 8570D + HD 8470 Dual,3794,1659
GeForce GT 705,3795,1660
Radeon HD 6530D,3796,1661
FirePro RG220,3797,1662
Radeon HD 7600G + 8500M/8700M Dual,3798,1663
Radeon R4,3799,1664
Radeon R5 310,3800,1665
Radeon HD 7540D,3801,1666
GeForce 8800 GS,3802,1667
GeForce 9600 GSO 512,3803,1668
Radeon HD 7450M,3804,1669
Radeon HD 7600G + HD 7400M Dual,3805,1670
GeForce 9600 GSO,3806,1671
Intel UHD Graphics 600,3807,1672
GeForce GT 120 / 9500 GT,3808,1673
Radeon E6460,3809,1674
GeForce GT 230,3810,1675
FirePro V3800,3811,1676
RADEON HD6370D,3812,1677
Radeon HD 8370D,3813,1678
GeForce 240M GT,3814,1679
Mobility Radeon HD 560v,3815,1680
Radeon HD 7520G,3816,1681
Radeon HD 7520G + 8600/8700M Dual,3817,1682
Radeon HD 7600G,3818,1683
Radeon HD 7420G,3819,1684
GeForce 605,3820,1685
GeForce GT 520,3821,1686
Quadro FX 3500M,3822,1687
GeForce GT 610,3823,1688
Radeon HD 8350G,3824,1689
Microsoft Basic Display Adapter Ryzen 5 5600G,3825,1690
Radeon R1E,3826,1691
Radeon R3,3827,1692
NVS 315,3828,1693
Radeon HD 6520G,3829,1694
Intel HD 500,3830,1695
Radeon R5E,3831,1696
Radeon HD 7500G,3832,1697
GRID K120Q,3833,1698
GeForce 9600M GT / GeForce GT 220M,3834,1699
Radeon HD 2900 GT,3835,1700
GeForce 610M,3836,1701
Quadro FX 3500,3837,1702
GeForce 7800 GTX,3838,1703
Radeon HD 7470,3839,1704
Radeon HD 7450A,3840,1705
GeForce 7950 Xtreme,3841,1706
Intel HD P3000,3842,1707
Radeon HD 8280,3843,1708
GeForce GT 415M,3844,1709
Mobile Intel HD,3845,1710
Mobility Radeon HD 5165,3846,1711
GeForce GT 520M,3847,1712
GeForce GT 520MX,3848,1713
Qualcomm Adreno 630 GPU,3849,1714
Radeon HD 2600 XT,3850,1715
GeForce 9600 GS,3851,1716
Radeon HD 7480D,3852,1717
GeForce 9700M GTS,3853,1718
Radeon R5 235X,3854,1719
Radeon HD 6370M,3855,1720
GeForce Go 7900 GTX,3856,1721
GeForce 9650M GS,3857,1722
Radeon HD 8280G,3858,1723
Radeon HD 8400E,3859,1724
Radeon HD 5470,3860,1725
NVS 4200M,3861,1726
Radeon HD 7400G,3862,1727
Radeon HD 8330E,3863,1728
Mobility Radeon HD 550v,3864,1729
GeForce Go 7950 GTX,3865,1730
Radeon HD 8490,3866,1731
Radeon HD 8400,3867,1732
Radeon HD 6450A,3868,1733
Radeon HD 6480G,3869,1734
GeForce 510,3870,1735
GeForce 7900 GT,3871,1736
Intel HD 3000,3872,1737
Radeon HD 6370D,3873,1738
GeForce 7900 GS,3874,1739
Quadro NVS 510M,3875,1740
GeForce 410M,3876,1741
Radeon HD 8330,3877,1742
Radeon HD 8470,3878,1743
GeForce GT 415,3879,1744
Radeon HD 7640G + 8600M Dual,3880,1745
NVS 310,3881,1746
GeForce 7900 GT/GTO,3882,1747
GeForce 7800 GT,3883,1748
Quadro FX 5500,3884,1749
Radeon R2,3885,1750
Radeon HD4650,3886,1751
Radeon HD 8240,3887,1752
Radeon HD 6410D,3888,1753
Radeon HD 8280E,3889,1754
Mobility Radeon HD 5470,3890,1755
Quadro FX 4500 X2,3891,1756
Radeon HD 4550,3892,1757
Quadro FX 570,3893,1758
Mobility Radeon HD 3670,3894,1759
Radeon E6465,3895,1760
Radeon HD 4650,3896,1761
Radeon HD 6470M,3897,1762
Quadro FX 4500,3898,1763
Quadro NVS 290,3899,1764
Radeon HD 7450,3900,1765
GT 430,3901,1766
Intel G965 Express,3902,1767
Radeon R5 230,3903,1768
Radeon HD 7340M,3904,1769
A6 Micro-6500T Quad-Core APU with RadeonR4,3905,1770
Mobility FireGL V5725,3906,1771
Quadro FX 2500M,3907,1772
Radeon HD 8250,3908,1773
Radeon HD 6320 Graphic,3909,1774
Quadro FX 880M,3910,1775
Mobility Radeon. HD 5470,3911,1776
Mobility Radeon HD 5450,3912,1777
Intel HD 2000,3913,1778
GeForce GT 220,3914,1779
Radeon R2E,3915,1780
Radeon HD 2600 PRO,3916,1781
Intel Q45/Q43 Express Chipset,3917,1782
GeForce Go 7600 GT,3918,1783
GeForce 320M,3919,1784
GeForce Go 7800 GTX,3920,1785
GeForce GT 330M,3921,1786
GeForce 9700M GT,3922,1787
Quadro NVS 320M,3923,1788
Radeon HD 4650 AGP,3924,1789
Radeon HD 6380G,3925,1790
Radeon R3E,3926,1791
Barco MXRT 1450,3927,1792
Intel 2nd Generation SandyBridge HD 3000,3928,1793
GeForce GT 230M,3929,1794
GeForce GT 240M,3930,1795
Intel Q965/Q963 Express,3931,1796
GeForce 7950 GX2,3932,1797
GeForce 7600 GT,3933,1798
Mobility Radeon HD 545v,3934,1799
RADEON HD7450,3935,1800
Radeon HD 6320M,3936,1801
Radeon HD 6450,3937,1802
Quadro FX 1500,3938,1803
Radeon HD 7340G,3939,1804
Intel Infoshock HD,3940,1805
Radeon HD 8210E,3941,1806
Radeon HD 6430M,3942,1807
Mobility Radeon HD 2600 XT,3943,1808
Mobility Radeon HD 4550,3944,1809
NVS 5100M,3945,1810
GeForce 6800 GS,3946,1811
Mobility Radeon HD 540v,3947,1812
GeForce 9500 GS,3948,1813
Intel 2nd Generation SandyBridge HD,3949,1814
Radeon HD 8210,3950,1815
Mobility Radeon HD 5430,3951,1816
Radeon HD 7310G,3952,1817
Barco MXRT 7100,3953,1818
FireGL V3600,3954,1819
Quadro FX 3450/4000 SDI,3955,1820
Radeon HD 6230,3956,1821
FirePro 3D V3700,3957,1822
GeForce 7800 GS,3958,1823
GeForce Go 7900 GS,3959,1824
Mobility Radeon HD 530v,3960,1825
Radeon HD 7310 - Carte graphique,3961,1826
Quadro FX 1700M,3962,1827
Quadro FX 1500M,3963,1828
Radeon HDG 4670,3964,1829
FirePro 2460,3965,1830
Quadro FX 770M,3966,1831
GeForce GT 325M,3967,1832
GeForce GT 120,3968,1833
Mobility Radeon HD 2600,3969,1834
GeForce G102M,3970,1835
Quadro FX 380,3971,1836
Radeon HD 7310M,3972,1837
Intel HD manual-gen9_2015-133271,3973,1838
GeForce 9200,3974,1839
Radeon HD 7350,3975,1840
Radeon HD 8350,3976,1841
GeForce 315,3977,1842
GeForce 7600 GS,3978,1843
Quadro FX 580,3979,1844
GeForce 8200,3980,1845
Radeon HD 4300/4500 Serisi,3981,1846
Radeon HD 3450,3982,1847
GeForce GT 120M,3983,1848
Radeon HD 7340,3984,1849
Radeon X1950 CrossFire Edition,3985,1850
Radeon HD 3670,3986,1851
GeForce 305M,3987,1852
Radeon HD 3650 AGP,3988,1853
GeForce 8600 GTS,3989,1854
Quadro FX 3450,3990,1855
Quadro 400,3991,1856
Mobility Radeon HD 4350,3992,1857
Radeon HD 6320,3993,1858
GeForce Go 7700,3994,1859
ZX Chrome 645/640 GPU,3995,1860
GeForce 9500 GT,3996,1861
GeForce 8400 GS,3997,1862
S3 5400EW,3998,1863
GeForce GT 130M,3999,1864
Radeon X1900 GT,4000,1865
FirePro 2270,4001,1866
GeForce 9200M GE,4002,1867
Radeon HD 6300M,4003,1868
GeForce 6800 GT,4004,1869
RADEON HD 6350,4005,1870
Radeon HD 4290,4006,1871
Radeon X1800 GTO,4007,1872
Radeon HD 6290M,4008,1873
nForce 760i SLI,4009,1874
NVS 2100M,4010,1875
Intel Haswell HD - GT2,4011,1876
Mobility Radeon HD 4570,4012,1877
GeForce 6800 Ultra,4013,1878
Radeon HD 8180,4014,1879
Radeon HD 5450,4015,1880
GeForce Go 6800 Ultra,4016,1881
GeForce 9600M GT,4017,1882
Quadro NVS 160M,4018,1883
GeForce 6600 GT,4019,1884
Radeon X1900 CrossFire Edition,4020,1885
GeForce 9650M GT,4021,1886
GeForce 7300 GT,4022,1887
GeForce G200,4023,1888
Mobility Radeon HD 4330,4024,1889
Mobility Radeon X1900,4025,1890
GeForce 9800 GT 1024MB,4026,1891
EAH5450,4027,1892
GeForce 7650 GS,4028,1893
Radeon R5 220,4029,1894
VIA/S3G C-645/640 GPU,4030,1895
Quadro FX 1600M,4031,1896
Quadro FX 380 LP,4032,1897
MOBILITY RADEON X1800,4033,1898
RADEON X800 SE,4034,1899
Mobility Radeon HD 3650,4035,1900
GeForce 9300 / nForce 730i,4036,1901
Radeon HD 7310,4037,1902
Radeon HD 3470,4038,1903
FireGL V7300,4039,1904
GeForce Go 7600,4040,1905
All-in-Wonder X1900,4041,1906
GeForce 9300,4042,1907
Radeon HD 3300,4043,1908
GeForce 205,4044,1909
GeForce 9400 GT,4045,1910
Seria Mobility Radeon HD 3400,4046,1911
GeForce 8700M GT,4047,1912
Qualcomm Adreno 618 GPU,4048,1913
Quadro FX 1400,4049,1914
GeForce G100,4050,1915
GeForce 8500 GT,4051,1916
Radeon HD 7290M,4052,1917
GeForce 6800 XT,4053,1918
Intel Haswell HD - GT1,4054,1919
Radeon HD 4250,4055,1920
NVS 300,4056,1921
Radeon HD 6310,4057,1922
GeForce GT 220M,4058,1923
GeForce 9500M G,4059,1924
Quadro FX 380M,4060,1925
Radeon HD 2400,4061,1926
GeForce 405,4062,1927
Extreme AX850 PRO,4063,1928
GeForce 310,4064,1929
Radeon HD 2400 XT,4065,1930
GeForce 505,4066,1931
RV530 PRO,4067,1932
Qualcomm Adreno 540 GPU,4068,1933
GeForce 9600M GS,4069,1934
FireMV 2260,4070,1935
Mobile Intel 45 Express-Chipsatzfamilie,4071,1936
GeForce 8600 GT,4072,1937
PHDGD Quantic C3,4073,1938
Radeon X1700 Targa Edition,4074,1939
FireGL V7200,4075,1940
Radeon X1600 XT,4076,1941
Quadro FX 1700,4077,1942
GeForce G210M,4078,1943
RADEON X800 GTO,4079,1944
GeForce 315M,4080,1945
NVS 3100M,4081,1946
GeForce Go 7800,4082,1947
FireGL V5200,4083,1948
Radeon HD 2400 Pro,4084,1949
Radeon HD 4350,4085,1950
Quadro FX 560,4086,1951
Radeon X1950 Pro,4087,1952
FirePro 2260,4088,1953
GeForce 6800,4089,1954
Sapphire RADEON X800 GT,4090,1955
GeForce 8400M GS,4091,1956
Intel HD Modded,4092,1957
Radeon HD 7290,4093,1958
Radeon HD 4200,4094,1959
GeForce 9200M GS,4095,1960
Mobility Radeon HD 3400 Serisi,4096,1961
GeForce 310M,4097,1962
FireGL V7350,4098,1963
Radeon HD 2600 Pro AGP,4099,1964
Radeon HD 4270,4100,1965
GeForce 6800 LE,4101,1966
VIA/S3G Chrome 645/640 GPU,4102,1967
Intel B43 Express Chipset,4103,1968
Radeon HD 4330,4104,1969
Intel Media Accelerator HD,4105,1970
Quadro FX 370 LP,4106,1971
GeForce G105M,4107,1972
Radeon Infoshock 3000,4108,1973
Radeon X1950 GT,4109,1974
GeForce Go 6800,4110,1975
GeForce9400M,4111,1976
GeForce GT 320M,4112,1977
Radeon HD 6290,4113,1978
GeForce 9450,4114,1979
Mobility Radeon X1700,4115,1980
Quadro FX 3400/4400,4116,1981
M880G with Mobility Radeon HD 4250,4117,1982
Quadro FX 570M,4118,1983
GeForce 9500M,4119,1984
FireGL V3400,4120,1985
GeForce 210,4121,1986
Quadro FX 370 Low Profile,4122,1987
GeForce 6800 GS/XT,4123,1988
GeForce 9300 GS,4124,1989
GeForce 9500M GS,4125,1990
Mobility Radeon HD 2400 XT,4126,1991
Quadro FX Go1400,4127,1992
GeForce 8300,4128,1993
Quadro FX 4000,4129,1994
GeForce 8300 GS,4130,1995
Matrox G200e WDDM 2.0,4131,1996
Radeon X1600 Pro,4132,1997
GeForce 9400,4133,1998
GeForce G210,4134,1999
Mobility Radeon HD 4250,4135,2000
Radeon 3000,4136,2001
Mobility Radeon HD 3430,4137,2002
ION LE,4138,2003
GeForce 9300GE,4139,2004
Intel G41 Express Chipset,4140,2005
RADEON X800 XT,4141,2006
Quadro NVS 130M,4142,2007
Mobility Radeon HD serie 4200,4143,2008
Radeon HD 3000,4144,2009
GeForce 6700 XL,4145,2010
MEDION RADEON X740XL,4146,2011
Matrox G200eW3 WDDM 2.0,4147,2012
Mobility Radeon HD 3470 Hybrid X2,4148,2013
Radeon HD 6250,4149,2014
Mobility Radeon HD 3470,4150,2015
Quadro FX 370M,4151,2016
Mobility Radeon HD 4270,4152,2017
M880G with Mobility Radeon HD 4200,4153,2018
FireGL V5100,4154,2019
Mobility Radeon X1600,4155,2020
nForce 780a SLI,4156,2021
GeForce 8600 GS,4157,2022
RADEON X600XT,4158,2023
GeForce G205M,4159,2024
Mobility Radeon HD 3450,4160,2025
Mobility Radeon HD 4200,4161,2026
Intel Q35 Express,4162,2027
GeForce 9300M GS,4163,2028
GeForce 8600M GT,4164,2029
Mobility Radeon HD 2400,4165,2030
GeForce 7500 LE,4166,2031
GeForce 6610 XL,4167,2032
Intel G45/G43 Express Chipset,4168,2033
Quadro FX 360M,4169,2034
GeForce 6600,4170,2035
Quadro FX 350,4171,2036
FireGL V3200,4172,2037
Radeon X1650 Pro,4173,2038
GeForce 9300M G,4174,2039
ALL-IN-WONDER X800 GT,4175,2040
Radeon X1300 PRO,4176,2041
ION,4177,2042
RADEON X800 GT,4178,2043
GeForce 999 GTX,4179,2044
Quadro FX 370,4180,2045
nForce 750a SLI,4181,2046
Radeon HD 3200,4182,2047
GeForce 9100,4183,2048
RADEON X850 XT Platinum Edition,4184,2049
Mobility Radeon X2500,4185,2050
MOBILITY FireGL V5000,4186,2051
GeForce 9300 SE,4187,2052
nForce 980a/780a SLI,4188,2053
GeForce 8400,4189,2054
RADEON X800 XT Platinum Edition,4190,2055
Mobility Radeon 4100,4191,2056
RADEON X850 XT,4192,2057
Quadro FX 540,4193,2058
GeForce 7300 LE,4194,2059
Quadro NVS 295,4195,2060
RADEON X800GT,4196,2061
GeForce 8100 / nForce 720a,4197,2062
GeForce 7300 GS,4198,2063
Radeon HD 2350,4199,2064
GeForce 9300 GE,4200,2065
RADEON X700 PRO,4201,2066
M860G with Mobility Radeon 4100,4202,2067
Radeon X1650 GTO,4203,2068
GeForce 7350 LE,4204,2069
FireMV 2450,4205,2070
Radeon 3100,4206,2071
RADEON X800 PRO/GTO,4207,2072
Mobility Radeon HD 4300 Serisi,4208,2073
RADEON X850 PRO,4209,2074
RADEON X700,4210,2075
FireGL V7100,4211,2076
MEDION RADEON 9800 XXL,4212,2077
M880G with Mobility Radeon HD 4225,4213,2078
RADEON X700 SE,4214,2079
Radeon X1650 SE,4215,2080
Radeon X550XTX,4216,2081
FireGL V3300,4217,2082
Quadro NVS 150M,4218,2083
Diamond X1300-PCIE 256MB,4219,2084
GeForce 8600M GS,4220,2085
Quadro NVS 420,4221,2086
BASICDISPLAY,4222,2087
GeForce Go 6600,4223,2088
RADEON X800 XL,4224,2089
Radeon X1600 Pro / X1300XT,4225,2090
Quadro NVS 140M,4226,2091
Quadro FX 3000,4227,2092
FireGL V3350,4228,2093
GeForce 8400 SE,4229,2094
GeForce 9100M G,4230,2095
Intel G45/G43/G41 Express Chipset,4231,2096
Matrox G200eR WDDM 2.0,4232,2097
GeForce 9400M,4233,2098
GeForce 9400M G,4234,2099
RADEON X600 PRO,4235,2100
Quadro NVS 450,4236,2101
MOBILITY RADEON X700,4237,2102
GeForce 8400M GT,4238,2103
Quadro NVS 135M,4239,2104
Radeon X1550,4240,2105
Mobility Radeon HD 4225,4241,2106
GeForce Go 7400,4242,2107
GeForce 8200M G,4243,2108
RADEON X800 PRO,4244,2109
Quadro FX 550,4245,2110
GeForce G 103M,4246,2111
GeForce G 105M,4247,2112
Mobility Radeon HD 3410,4248,2113
Intel HD manual-15.28-1861,4249,2114
MOBILITY FireGL V3200,4250,2115
SAPPHIRE Radeon X1550,4251,2116
MOBILITY RADEON X700 XL,4252,2117
Radeon 2100,4253,2118
RADEON 9800 PRO,4254,2119
Matrox G200e WDDM 1.2,4255,2120
GeForce FX 5950 Ultra,4256,2121
FireGL X1,4257,2122
GeForce 6800 XE,4258,2123
GeForce 8400M G,4259,2124
Radeon X1300,4260,2125
Intel - Express Chipset Q45/Q43,4261,2126
RADEON 9800,4262,2127
Intel G41 Express-Chipsatz,4263,2128
Intel Q45/Q43 Express-Chipsatz,4264,2129
RADEON 9800 XT,4265,2130
Intel - Express Chipset G41,4266,2131
RADEON X600 256MB HyperMemory,4267,2132
RADEON X550XT,4268,2133
Intel G33/G31 Express,4269,2134
RADEON 9700 PRO,4270,2135
GeForce 6200 TurboCache,4271,2136
FireGL V3100,4272,2137
Radeon Xpress 1300,4273,2138
GeForce Go 7300,4274,2139
Matrox G200eh WDDM 1.2,4275,2140
RADEON E2400,4276,2141
GeForce FX Go5700,4277,2142
GeForce 6600 LE,4278,2143
FirePro 2450,4279,2144
RADEON X550,4280,2145
Mobility Radeon HD 2300,4281,2146
MOBILITY RADEON X600,4282,2147
Matrox G200eW WDDM 1.2,4283,2148
Mobile Intel 965 Express,4284,2149
Radeon X1600,4285,2150
MOBILITY RADEON X600 SE,4286,2151
Radeon X1050,4287,2152
RADEON X600 SE,4288,2153
Mobility Radeon X2300 HD,4289,2154
Mobility Radeon X2300,4290,2155
GeForce 7100 GS,4291,2156
GeForce 7300 SE/7200 GS,4292,2157
Radeon X1550 64-bit,4293,2158
Quadro NVS 110M,4294,2159
SAPPHIRE RADEON 9600 ATLANTIS,4295,2160
Quadro NVS 120M,4296,2161
Matrox G200eh WDDM 2.0,4297,2162
MOBILITY RADEON 9800,4298,2163
FireMV 2250,4299,2164
Matrox G200eR WDDM 1.2,4300,2165
GeForce Go 7200,4301,2166
MOBILITY FireGL V5200,4302,2167
GeForce Go 6600 TE/6200 TE,4303,2168
Quadro FX 350M,4304,2169
Mobile Intel serie 4 Express,4305,2170
Mobile Intel 4 Express-Chipsatzfamilie,4306,2171
Radeon 9700 TX w/TV-Out,4307,2172
Mobility Radeon X1400,4308,2173
RADEON 9600 PRO,4309,2174
Radeon Xpress 1250,4310,2175
Matrox M9138 LP PCIe x16,4311,2176
Quadro NVS 285,4312,2177
RADEON 9500 PRO / 9700,4313,2178
GeForce 6200,4314,2179
GeForce 7050 / nForce 620i,4315,2180
GeForce FX 5900 Ultra,4316,2181
GeForce FX 5700,4317,2182
Mobile Intel 45 Express,4318,2183
MOBILITY FIREGL T2,4319,2184
Matrox G200eh,4320,2185
Radeon Xpress 1300M,4321,2186
Matrox M9148 LP PCIe x16,4322,2187
GeForce FX 5900XT,4323,2188
Mobility Radeon X1350,4324,2189
Matrox G200eW,4325,2190
Mobility Radeon X1300,4326,2191
S3 Chrome 430 ULP,4327,2192
MOBILITY RADEON 9600/9700,4328,2193
GeForce 7300 SE,4329,2194
Mobile Intel - famiglia Express Chipset 45,4330,2195
GeForce 6500,4331,2196
Quadro NVS 285 128MB,4332,2197
RADEON X300SE,4333,2198
GeForce 7050 / nForce 630i,4334,2199
256MB DDR Radeon 9800 XT,4335,2200
Quadro NVS 440,4336,2201
Radeon X1250,4337,2202
GeForce 6200SE TurboCache,4338,2203
Matrox G200eR,4339,2204
CONNECT 3D RADEON X300,4340,2205
RADEON 9500,4341,2206
FireMV 2200 PCIe,4342,2207
MOBILITY RADEON 9600,4343,2208
Quadro FX 1100,4344,2209
Radeon Xpress 1200,4345,2210
GeForce 7100 / nForce 630i,4346,2211
RADEON 9600 XT,4347,2212
GeForce PCX 5750,4348,2213
RADEON 9550,4349,2214
GeForce FX 5900,4350,2215
Quadro FX 1300,4351,2216
Quadro FX 1000,4352,2217
GeForce FX 5700 Ultra,4353,2218
GeForce PCX 5900,4354,2219
Radeon Xpress 1100,4355,2220
MOBILITY RADEON X300,4356,2221
MOBILITY FIREGL T2/T2e,4357,2222
S3 Chrome S27 DDR3,4358,2223
GeForce 6150 LE,4359,2224
Mobility Radeon X1450,4360,2225
GeForce FX 5700VE,4361,2226
GeForce 7150 / nForce 630i,4362,2227
Intel Media Accelerator,4363,2228
GeForce FX 5900ZT,4364,2229
GeForce 7025 / nForce 630a,4365,2230
Radeon X1200,4366,2231
GeForce 6200 A-LE,4367,2232
Matrox M9128 LP PCIe x16,4368,2233
Red Hat QXL controller,4369,2234
GeForce 7050 PV / nForce 630a,4370,2235
Radeon X1270,4371,2236
FireGL T2-128,4372,2237
MOBILITY RADEON 9550,4373,2238
GeForce 6150SE nForce 430,4374,2239
All-in-Wonder X1800XL,4375,2240
Radeon Xpress 1150,4376,2241
GeForce 6100 nForce 405,4377,2242
RADEON XPRESS 200,4378,2243
Radeon 9550 / X1050,4379,2244
GeForce 6200 LE,4380,2245
MOBILITY RADEON 9700,4381,2246
MOBILITY FireGL V5250,4382,2247
RADEON 9600SE,4383,2248
GeForce 6100,4384,2249
MOBILITY RADEON XPRESS 200,4385,2250
RADEON 9600 PRO Family,4386,2251
Radeon Xpress 1270,4387,2252
GeForce 7100 / nForce 620i,4388,2253
PHDGD Sapphire GR for Mobile Intel 965,4389,2254
Matrox M9120 Plus LP PCIe x16,4390,2255
Matrox M9125 PCIe x16,4391,2256
GeForce 6100 nForce 420,4392,2257
GeForce 6100 nForce 400,4393,2258
GeForce 7050 / nForce 610i,4394,2259
RADEON 9600 Family,4395,2260
MOBILITY RADEON 9600 PRO TURBO,4396,2261
GeForce 6150SE,4397,2262
GeForce FX 5700LE,4398,2263
GeForce Go 6400,4399,2264
Mobile Intel 965 Express-Chipsatzfamilie,4400,2265
Quadro NVS 210S,4401,2266
RADEON 9800 SE,4402,2267
Matrox M9140 LP PCIe x16,4403,2268
ALL-IN-WONDER 9800,4404,2269
GeForce 7200 GS,4405,2270
GeForce 6100 nForce 430,4406,2271
RADEON A9800XT,4407,2272
RADEON XPRESS 200M,4408,2273
GeForce 6150,4409,2274
Quadro NVS 210S / GeForce 6150LE,4410,2275
PHDGD Solo 2 x64,4411,2276
Matrox M9120 PCIe x16,4412,2277
GeForce Go 6150,4413,2278
QXL KMDOD,4414,2279
S3 Chrome S25 DDR2,4415,2280
RADEON 9600 TX Family,4416,2281
GeForce 7150M / nForce 630M,4417,2282
RADEON XPRESS 200 CROSSFIRE,4418,2283
Quadro FX 2000,4419,2284
GeForce Go 6100,4420,2285
GeForce FX Go 5600,4421,2286
Mobile Intel965 Express,4422,2287
GeForce FX 5600 Ultra,4423,2288
GeForce FX Go5650,4424,2289
GRID V100-8Q,4425,2290
NV44,4426,2291
GeForce Go 6200,4427,2292
Quadro FX 500/600 PCI,4428,2293
Radeon HD 2400 PCI,4429,2294
GeForce 7000M,4430,2295
GeForce 7000M / nForce 610M,4431,2296
GeForce FX 5600,4432,2297
GeForce FX Go5300,4433,2298
GeForce FX 5200 Ultra,4434,2299
Intel 82945G Express,4435,2300
GeForce FX 5200SE,4436,2301
FireMV 2400 PCIe,4437,2302
RGH Drivers v3,4438,2303
PHDGD Solo 1.2.0 x86,4439,2304
Master X3100 Driver,4440,2305
MOBILITY IGP 9000/9100,4441,2306
Matrox Parhelia 256MB,4442,2307
VIA Chrome9 HD IGP,4443,2308
ASUS A7000,4444,2309
GeForce FX 5600XT,4445,2310
GeCube RADEON 7000,4446,2311
GeForce FX Go 5200,4447,2312
Intel Q35 Embedded,4448,2313
GeForce FX 5500,4449,2314
Mobile Intel 965 Express - BR-0907-0461 v1839,4450,2315
Quadro NVS 280 PCI,4451,2316
Intel 82945G Express-Chipsatzfamilie,4452,2317
MOBILITY RADEON 9000 IGP,4453,2318
GeForce FX 5100,4454,2319
ASUS V9520-X V62.11,4455,2320
Quadro FX 500/FX 600,4456,2321
GeForce FX 5200,4457,2322
Intel US15 Embedded Media and Controller,4458,2323
GeForce4 Ti 4400,4459,2324
GeForce FX 5200LE,4460,2325
Intel Media Accelerator 600,4461,2326
GeForce4 Ti 4800 SE,4462,2327
Matrox Millennium P690 Plus LP PCIe x16,4463,2328
Quadro4 380 XGL,4464,2329
RADEON 8500 Family,4465,2330
GeForce4 MX Integrated GPU,4466,2331
V9560XT,4467,2332
GeForce2 Ultra,4468,2333
MOBILITY RADEON 7000 IGP,4469,2334
GeForce PCX 5300,4470,2335
RADEON 9100 Family,4471,2336
Quadro NVS 55/280 PCI,4472,2337
RADEON IGP 350M,4473,2338
GeForce4 440 Go 64M,4474,2339
VIA/S3G UniChromeII,4475,2340
GeForce4 Ti 4800,4476,2341
Mobile Intel 945GM Express,4477,2342
Quadro 280 NVS PCIe,4478,2343
NVIDIA GeForce3 Ti200,4479,2344
Intel 82915G Express,4480,2345
MOBILITY RADEON 9000/9100 IGP,4481,2346
Matrox Parhelia APVe,4482,2347
ALL-IN-WONDER RADEON 8500DV,4483,2348
GeForce4 Ti 4200,4484,2349
GeForce4 448 Go,4485,2350
GeForce4 Ti 4600,4486,2351
Intel Q33 Express,4487,2352
RADEON 9100 IGP,4488,2353
GeForce4 420 Go 32M,4489,2354
Matrox Millennium P650 PCIe 128,4490,2355
Mobile Intel 945GM/GU Express,4491,2356
SAPPHIRE RADEON 9000 ATLANTIS PRO,4492,2357
Xabre,4493,2358
GeForce 256,4494,2359
Quadro4 980 XGL,4495,2360
GeForce4 440,4496,2361
Quadro4 900 XGL,4497,2362
ALL-IN-WONDER 9000,4498,2363
GeForce3,4499,2364
GeForce4 MX 440 with AGP8X,4500,2365
WinFast A250 LE,4501,2366
GeForce2 MX with DVI-D and TV-out,4502,2367
GeForce4 MX 420,4503,2368
MOBILITY FIREGL 7800,4504,2369
RADEON 7500 Family,4505,2370
VIA/S3G UniChrome Pro IGP,4506,2371
Intel 82865G Controller,4507,2372
Intel 915G/915GV/910GL Embedded Controller Functio,4508,2373
RADEON 9000,4509,2374
GeForce2 Ti,4510,2375
XGI Volari Family v1.13.23.D_V,4511,2376
GeForce4 MX 440SE,4512,2377
GeForce4 MX 440,4513,2378
Quadro2 MXR/EX,4514,2379
Intel 945G Embedded Chipset Function 0,4515,2380
GeForce4 MX 4000,4516,2381
ASUS AGP-V3800PRO v31.40H,4517,2382
GeForce2 Integrated GPU,4518,2383
Dell 8200,4519,2384
VIA Chrome9 HC IGP,4520,2385
VIA/S3G UniChrome IGP,4521,2386
GeForce4 MX 460,4522,2387
GeForce2 Go,4523,2388
MOBILITY/RADEON 9000,4524,2389
GeForce3 Ti 200,4525,2390
VIA/S3G KM400/KN400,4526,2391
"Intel 915G,910G Express",4527,2392
GeForce2 GTS/GeForce2 Pro,4528,2393
GeForce4 4200 Go,4529,2394
GeForce2 MX/MX 400,4530,2395
ABIT Siluro T400,4531,2396
VIA Chrome9 HC IGP Family,4532,2397
RADEON 7000 / RADEON VE Family,4533,2398
RIVA TNT2 Model 64/Model 64 Pro,4534,2399
RADEON IGP 320,4535,2400
GeForce4 440 Go,4536,2401
Intel 82915G/915GV/910GL,4537,2402
Intel 865 Embedded Controller,4538,2403
GeForce 6200A,4539,2404
RADEON 9200,4540,2405
MOBILITY RADEON 7500,4541,2406
Radeon IGP 320M,4542,2407
RADEON 9000 Family,4543,2408
VIA Chrome9 HC IGP Family WDDM,4544,2409
Intel Media Accelerator 500,4545,2410
RIVA TNT2/TNT2 Pro,4546,2411
Matrox Parhelia 128MB,4547,2412
VIA Chrome9 HC IGP WDDM 1.1,4548,2413
GeForce4 420 Go,4549,2414
VIA/S3G DeltaChrome IGP,4550,2415
MOBILITY RADEON 9000,4551,2416
GeForce2 MX 100/200,4552,2417
Intel 946GZ Embedded Chipset,4553,2418
RADEON 7500,4554,2419
S3 Inc. Savage4,4555,2420
AMIGAMERLIN 3.1-R1 For Voodoo 4 4500 PCI,4556,2421
Rage Fury Pro/Xpert 2000 Pro,4557,2422
Intel 82915G/GV/910GL Express,4558,2423
Vanta/Vanta LT,4559,2424
MOBILITY RADEON 9200,4560,2425
Intel 946GZ Express,4561,2426
MOBILITY RADEON 9100 IGP,4562,2427
Intel Media Accelerator 3150,4563,2428
Intel 82845G/GL/GE/PE/GV Controller,4564,2429
RADEON 7200,4565,2430
RADEON 9200 PRO Family,4566,2431
VIA Chrome9 HC IGP WDDM,4567,2432
GeForce2 MX,4568,2433
RADEON IGP 345M,4569,2434
Radeon 7000 / Radeon VE,4570,2435
VIA Chrome9 HC3 IGP,4571,2436
Intel 82915G/GV/910GL Advanced v3.5,4572,2437
Intel 82845G/GL Controller,4573,2438
RADEON 9200 LE Family,4574,2439
RADEON 9250,4575,2440
GeForce2 MX with TV Out,4576,2441
RADEON 9200 SE,4577,2442
GeForce3 Ti 500,4578,2443
Intel GMA 3150 Express,4579,2444
Radeon IGP 340M,4580,2445
Quadro NVS 280 SD,4581,2446
Dell 8100,4582,2447
VIA Chrome9 HC IGP Prerelease WDDM 1.1,4583,2448
Intel 82845G Controller,4584,2449
Radeon VE,4585,2450
Intel Extreme Controller,4586,2451
S3 SuperSavage/IXC 1014,4587,2452
VisionTek Radeon 7000,4588,2453
Mobile Intel 915GM/GMS/910GML Express,4589,2454
Mobile Intel 945 Express,4590,2455
VIA Chrome9 HCM IGP,4591,2456
RADEON IGP 34xM,4592,2457
S3 ProSavageDDR,4593,2458
Rage 128 Pro,4594,2459
Intel 82852/82855 GM/GME Controller,4595,2460
RAGE 128 PRO AGP 4X TMDS,4596,2461
Quadro2 Pro,4597,2462
FireMV 2200 PCI,4598,2463
